Background,Objective,Methods,Results,Conclusion,Keywords,Authors,Year,PDF Link,Title
"['QRIS', 'TRAM', 'Trust']","['QRIS', 'TRAM', 'Trust']",['QRIS'],"['model', 'influence', 'optimism', '%', 'ease', 'innovation', 'trust', 'usefulness', 'use', 'adoption', 'hypotheses', 'insecurity', 'results', 'discomfort', 'study']","['perceived', 'optimism', 'guides', 'having', 'providers', 'operations', 'ease', 'trust', 'usefulness', 'business', 'use', 'adoption', 'businesses', 'institutions', 'micro', 'discomfort', 'importance', 'study', 'policymakers']","Micro Small and Medium Enterprises, QRIS, TRAM, Trust","Adisthy Shabrina Nurqamarani, Sarah Fadilla, Ari Juliana","October 28, 2024",https://e-journal.unair.ac.id/JISEBI/article/view/52207/29450,"Revolutionizing Payment Systems: The Integration of TRAM and Trust in QRIS Adoption for Micro, Small, and Medium Enterprises in Indonesia"
"['User Reviews', 'Aspect-Based Sentiment Analysis (ABSA)', 'Sentiment Analysis']","['User Reviews', 'Topic Modeling', 'Generative Artificial Intelligence (GenAI)']",['User Reviews'],"['model', '%', 'results', 'accuracy', 'analysis', 'sentiment', 'sentiment analysis']","['monitoring', 'reviews', 'user', 'using', 'sentiment', 'research', 'established', 'feedback', 'experience', 'incorporate', 'understanding', 'models', 'analyzing', 'expand', 'app', 'time', 'categories', 'framework', 'provided', 'method']","User Reviews, Aspect-Based Sentiment Analysis (ABSA), Sentiment Analysis, Topic Modeling, Generative Artificial Intelligence (GenAI)","Viktor Handrianus Pranatawijaya, Nova Noor Kamala Sari, Resha Ananda Rahman, Efrans Christian, Septian Geges","October 28, 2024",https://e-journal.unair.ac.id/JISEBI/article/view/56503/30209,Unveiling User Sentiment: Aspect-Based Analysis and Topic Modeling of Ride-Hailing and Google Play App Reviews
['Islamic Lifestyle Digital Application'],"['Behavioral Intention', 'Satisfaction', 'Trust', 'UTAUT']",[],"['expectations', 'effect', 'influence', 'social influence', 'results', 'business', 'users', 'literacy', 'conditions', 'effort', 'expectancy', 'freemium', 'services', 'performance']","['signified', 'research', 'users', 'level', 'effect', 'freemium', 'context', 'trust', 'services', 'variables', 'benefits', 'intention', 'have', 'results', 'framework', 'adopt']","Behavioral Intention, Digital Literacy, Islamic Lifestyle Digital Application, Satisfaction, Trust, UTAUT","Yan Putra Timur, Ririn Tri Ratnasari, Anwar Allah Pitchay, Dyah Permata Sari, Muhammad Rifqi","October 28, 2024",https://e-journal.unair.ac.id/JISEBI/article/view/58327/30210,Factors Influencing Behavioral Intention to Apply Freemium Services in Islamic Lifestyle Digital Applications Using Unified Theory of Acceptance and Use of Technology (UTAUT)
"['Human Resource Management System', 'Challenges', 'Technology Trends', 'Systematic Literature Review']","['Challenges', 'Technology Trends']",['Systematic Literature Review'],"['infrastructure', 'blockchain', 'table', 'system', 'stakeholder', 'development', 'cybersecurity', 'organizations', 'trends', 'skills', 'technology', 'technologies', 'system integration', 'lack', 'utilization', 'opportunities', 'change', 'result', 'challenges', 'training', 'form', 'issues', 'resistance', 'integration', 'methods', 'mapping', 'data', 'management', 'security', 'capabilities', 'recommendations', 'data security', 'support']","['summarizing', 'research', 'problem', 'compilation', 'offer', 'presentations', 'used', 'trends', 'complexities', 'technology', 'innovation', 'expected', 'trend', 'contribute', 'review', 'develop', 'insights', 'emergence', 'directions', 'exploration', 'overview', 'results', 'implementation', 'nexus', 'perspective', 'identification', 'area', 'method']","Human Resource Management System, Challenges, Technology Trends, Systematic Literature Review","Rahma Destriani, Raihansyah Yoga Adhitama, Dana Indra Sensuse, Deden Sumirat Hidayat, Erisva Hakiki Purwaningsih","October 28, 2024",https://e-journal.unair.ac.id/JISEBI/article/view/54526/30211,Challenges and Technology Trends in Implementing a Human Resource Management System: A Systematic Literature Review
"['Post-Pandemic', 'COVID-19', 'Customer Behavior', 'Video Advertising']","['Post-Pandemic', 'Customer Behavior']",[],"['hypotheses', 'customer behavior', 'behavior', 'influences', 'customer', 'changes', 'result']","['affected', 'experiences', 'tool', 'response', 'marketing', '%', 'build', 'analysis', 'factors', 'identified', 'investigate', 'variables', 'caused', 'Based', 'understanding', 'changes', 'decrease', 'exploration', 'results', 'customer', 'led', 'pandemic']","Post-Pandemic, COVID-19, Customer Behavior, Video Advertising","Surjandy Surjandy, Cadelina Cassandra","October 28, 2024",https://e-journal.unair.ac.id/JISEBI/article/view/58818/30212,Changes in Customer Behavior Towards Video Advertising Post-Pandemic
"['Volcanic Tsunamis', 'Early Warning']","['Machine Learning', 'Volcanic Tsunamis', 'Early Warning']","['Classification', 'Decision Tree']","['model', 'precision', 'performance', 'Score', '%', 'Warning', 'classification', 'instances', 'gauges', 'classes', 'results', 'accuracy', 'average']","['model', 'exploring', 'performance', 'Warning', 'improve', 'scenarios', 'parameters', 'simulating', 'contribute', 'achieved', 'developing', 'dataset', 'volume', 'balance', 'angle', 'classification', 'class', 'dip', 'collapse', 'including']","Machine Learning, Classification, Volcanic Tsunamis, Early Warning, Decision Tree","Elmo Juanara, Chi Yung Lam","October 28, 2024",https://e-journal.unair.ac.id/JISEBI/article/view/60262/30213,Classification of Non-Seismic Tsunami Early Warning Level Using Decision Tree Algorithm
"['Forest Fire', 'Disaster']","['Forest Fire', 'Long Short-Term Memory', 'LSTM']","['LSTM', 'Vader', 'SentiWordnet']","['model', '%', 'layers', 'fires', 'scores', 'evaluation', 'precision', 'improvement', 'recall', 'method', 'forest fires', 'forest', 'performance', 'lexicon', 'sentiments']","['model', 'tweets', 'research', 'based', 'integrate', 'used', 'related', 'analyse', 'fire', 'required', 'lexicon', 'develop', 'models', 'methods', 'rule', 'data', 'results', 'forest']","Forest Fire, Disaster, Long Short-Term Memory, LSTM, Vader, SentiWordnet","Warih Maharani, Hanita Daud, Noryanti Muhammad, Evizal Abdul Kadir","October 28, 2024",https://e-journal.unair.ac.id/JISEBI/article/view/54548/30214,Leveraging Social Media Data for Forest Fires Sentiment Classification: A Data-Driven Method
['Business Intelligence'],['Decision-Making Performance'],['Bibliometrics'],"['decision', 'studies', 'investigations', 'field study', 'decision theory', 'focus', 'field', 'shift', 'boundaries', 'theory', 'results', 'scholars', 'years', 'study']","['competencies', 'quality', 'decision', 'studies', 'need', 'improve', 'application', 'role', 'change', 'oriented', 'focusing', 'is', 'use', 'variables', 'tools', 'Based', 'emphasis', 'tend', 'results']","Business Intelligence, Decision-Making Performance, Decision Quality, Bibliometrics, R-tool.","Abdessamad Charkaoui, Siham Jabraoui","October 28, 2024",https://e-journal.unair.ac.id/JISEBI/article/view/54770/30215,20 Years of Scientific Study on Business Intelligence and Decision-Making Performance: A Bibliometric Analysis
"['Acceptance', 'Cloud-Based Academic System', 'Expectation']",[],['Behavioral Intention'],"['intentions', 'data', 'cloud', 'information', 'results', 'construct', 'system', 'information system', 'processing']","['intentions', 'results', 'construct', 'use', 'system', 'user', 'using', 'proposed', 'drivers', 'factor', 'based', 'cloud']","Acceptance, Behavioral Intention, Cloud-Based Academic System, Expectation","Raju Wandira, Ahmad Fauzi, Faisal Nurahim","June 28, 2024",https://e-journal.unair.ac.id/JISEBI/article/view/50789/29041,Analysis of Factors Influencing Behavioral Intention to Use Cloud-Based Academic Information System Using Extended Technology Acceptance Model (TAM) and Expectation-Confirmation Model (ECM)
[],"['Internet Topology Mapping', 'Autonomous System']","['Internet Topology Mapping', 'Border Gateway Protocol']","['assessments', 'topology', 'research', 'Evaluation', 'application', 'result', 'fields', 'experts', 'internet topology', 'steps', 'mapping', 'results', 'process', 'series', 'internet', 'guide']","['knowledge', 'topology', 'studies', 'research', 'used', 'provide', 'provides', 'areas', 'field', 'steps', 'mapping', 'assist', 'process', 'internet', 'guide']","Internet Topology Mapping, Regional Internet Topology, Autonomous System, Border Gateway Protocol","Timotius Witono, Setiadi Yazid, Yudho Giri Sucahyo","June 28, 2024",https://e-journal.unair.ac.id/JISEBI/article/view/53708/29042,The Art of Internet Mapping: A Comprehensive Guide to Regional Internet Topology Mapping at the Autonomous System Level
['Ground Coverage'],"['Classification', 'Vegetation Density.']","['Classification', 'Feature Extraction']","['performance', 'architecture', '%', 'comparison', 'machine', 'feature extraction', 'methods', 'feature', 'Classification', 'results', 'extraction', 'learning', 'accuracy', 'method']","['using', 'came', 'architecture', '%', 'performed', 'machine', 'result', 'rate', 'Based', 'produced', 'achieving', 'feature', 'results', 'extraction', 'learning', 'accuracy', 'comparing', 'method']","Classification, CNN Architecture, Feature Extraction, Ground Coverage, Vegetation Density.","Erika Maulidiya, Chastine Fatichah, Nanik Suciati, Yuslena Sari","June 28, 2024",https://e-journal.unair.ac.id/JISEBI/article/view/51527/29046,Ground Coverage Classification in UAV Image Using a Convolutional Neural Network Feature Map
['Stemming'],"['Lemmatization', 'Stemming']",[],"['year', 'element', 'lemmatization', 'studies', 'corpus', 'stemming', 'potential', 'trends', 'dictionaries', 'morphology', 'word', 'languages', 'availability', 'number', 'regional languages', 'words', 'vocabularies', 'rule', 'information', 'results', 'study']","['lemmatization', 'using', 'based', 'stemming', 'language', 'encountered', 'dictionaries', 'morphology', 'languages', 'strategies', 'challenges', 'number', 'words', 'Based', 'methods', 'rule', 'information', 'developed', 'study', 'testing']","Lemmatization, Morphology, Rule-based, Stemming, Systematic Literature Review.","Zaenal Abidin, Akmal Junaidi, Wamiliana","June 28, 2024",https://e-journal.unair.ac.id/JISEBI/article/view/50341/29047,Text Stemming and Lemmatization of Regional Languages in Indonesia: A Systematic Literature Review
"['Deep learning', 'Computer vision', 'Plant disease']","['Deep learning', 'Computer vision', 'Plant disease']","['Deep learning', 'Systematic literature review']","['architectures', 'Frameworks', 'studies', 'prediction', 'development', 'transfer', 'detection', 'training', 'disease', 'models', 'abundance', 'methods', 'researchers', 'data', 'plant', 'plant disease', 'learning', 'accuracy', 'efficiency', 'study']","['model', 'vision', 'demonstrates', 'studies', 'impact', 'paper', 'singular', 'nature', 'computer', 'provides', 'recognition', 'disease', 'information', 'overview', 'plant', 'learning', 'adaptability', 'area']","Deep learning, Computer vision, Plant disease, Systematic literature review","Nik Afiqah N. Ahmad Yani, Shukor Sanim Mohd Fauzi, Nurul Ain Mohd Zaki, Mohammad Hafiz Ismail","June 28, 2024",https://e-journal.unair.ac.id/JISEBI/article/view/52502/29048,A Systematic Literature Review on Leaf Disease Recognition Using Computer Vision and Deep Learning Approach
"['Motorcycle taxi', 'public transportation', 'informal transportation', 'shared mobility']",['informal transportation'],['bibliometric analysis'],"['customer satisfaction', 'travel behavior', 'impact', 'research', 'road safety', 'behaviors', 'development', 'transportation', 'risk', 'sustainable transportation', 'risk factors', 'c', 'health services', 'utilization', 'factors', 'services', 'safety', 'health', 'themes', 'behavior', 'topics', 'clusters', 'drivers', 'satisfaction', 'health impact', 'b', 'road', 'customer', 'security', 'publication', 'mobility', 'travel']","['served', 'trends', 'knowledge', 'topics', 'options', 'analysis', 'research', 'guide']","Motorcycle taxi, public transportation, informal transportation, shared mobility, bibliometric analysis","Dyah Herawatie, Nurhadi Siswanto, Erwin Widodo","June 28, 2024",https://e-journal.unair.ac.id/JISEBI/article/view/52724/29049,Motorcycle Taxi in Shared Mobility and Informal Transportation: A Bibliometric Analysis
"['Knowledge management system', 'higher education', 'solution']","['Knowledge management system', 'problem', 'solution']",['systematic literature review'],"['knowledge', 'solutions', 'university', 'research', 'collection', 'development', 'knowledge management', 'problems', 'requirements', 'knowledge management systems', 'business process', 'trends', 'technology', 'management systems', 'methodologies', 'people', 'systems', 'business', 'frameworks', 'form', 'data collection', 'research methodologies', 'methods', 'guidelines', 'aspects', 'country', 'data', 'results', 'management', 'process', 'framework', 'study', 'education']","['authors', 'add', 'system', 'knowledge', 'solutions', 'university', 'research', 'running', 'potential', 'processes', 'development', 'problems', 'requirements', 'countries', 'improve', 'trends', 'motivations', 'methodologies', 'universities', 'business', 'insights', 'understanding', 'address', 'identify', 'results', 'study', 'education']","Knowledge management system, higher education, systematic literature review, problem, solution","Nandhita Zefania Maharani, Shabrina Salsabila Kurniawan, Dana Indra Sensuse, Imairi Eitiveni, Deden Sumirat Hidayat, Erisva Hakiki Purwaningsih","June 28, 2024",https://e-journal.unair.ac.id/JISEBI/article/view/54976/29052,Motivations and Potential Solutions in Developing a Knowledge Management System for Organization at Higher Education: A Systematic Literature Review
['SEIR model'],"['Genetic algorithm', 'Particle swarm optimization', 'SEIR model']","['SEIR model', 'COVID-19']","['death', '%', 'rate', 'infection rate', 'recovery rate', 'death rate', 'error', 'disease', 'transition', 'parameters', 'infection', 'recovery', 'value', 'method']","['had', 'results', 'trends', 'parameter', 'adapt', 'Based', 'COVID-19', 'epidemic', 'provided', 'estimation']","Genetic algorithm, Particle swarm optimization, SEIR model, COVID-19, Parameter estimation.","Aminatus Sa'adah, Ayomi Sasmito, Asysta Amalia Pasaribu","June 28, 2024",https://e-journal.unair.ac.id/JISEBI/article/view/55061/29053,Comparison of Genetic Algorithm (GA) and Particle Swarm Optimization (PSO) for Estimating the Susceptible-Exposed-Infected-Recovered (SEIR) Model Parameter Values
['Hepatitis'],"['Hepatitis', 'Backward Elimination']","['Backward Elimination', 'XGBoost']","['model', 'hyperparameter', '%', 'optimization', 'training', 'results', 'Random Search', 'seconds', 'accuracy', 'time', 'Bayesian search', 'hyperparameter optimization', 'performance', 'search']","['model', 'precision', 'score', 'overfitting', 'missing', 'search', '%', 'treatment', 'achieved', 'training', 'features', 'use', 'F1', 'produced', 'feature', 'hyperparameter', 'values', 'accuracy', 'process', 'recall', 'led', 'value']","Hepatitis, Backward Elimination, XGBoost, Bayesian Search, Random Search","Jasman Pardede, Desita Nurrohmah","June 28, 2024",https://e-journal.unair.ac.id/JISEBI/article/view/48274/29054,Hepatitis Identification using Backward Elimination and Extreme Gradient Boosting Methods
"['Early Identification', 'Genetic Algorithm', 'Learning Vector Quantization']","['Genetic Algorithm', 'Learning Vector Quantization']","['Early Identification', 'Genetic Algorithm', 'Learning Vector Quantization']",N/A,"['model', 'weighting', 'vector', 'develop', 'perform', 'functions', 'learning', 'diseases', 'identifying', 'models', 'research', 'combining', 'identification', 'parameters', 'quantization', 'Experiments']","Early Identification, Ear-Nose-Throat Diseases, Genetic Algorithm, Learning Vector Quantization","Cynthia Hayat, Iwan Aang Soenandi","February 28, 2024",https://e-journal.unair.ac.id/JISEBI/article/view/46871/28046,"Hybrid Architecture Model of Genetic Algorithm and Learning Vector Quantization Neural Network for Early Identification of Ear, Nose, and Throat Diseases"
[],"['Asset Value', 'Turnover']","['Asset Value', 'Clustering', 'DBSCAN', 'K-Means', 'Turnover']","['points', 'outcomes', 'feature space', 'characteristics', 'space', 'analysis', 'methodologies', 'parameters', 'region', 'number', 'minimum', 'clusters', 'understanding', 'feature', 'arrangement', 'closeness', 'epsilon', 'study', 'comparative analysis']","['turnover', 'decision', 'comprehension', 'making', 'attributes', 'based', 'asset', 'advancement', 'growth', 'sector', 'depict', 'promote', 'methodologies', 'factors', 'region', 'investigate', 'business', 'perspectives', 'variables', 'clusters', 'researchers', 'aid', 'sustainability', 'grasp', 'enterprises', 'results', 'planning', 'clustering', 'landscape', 'study', 'area', 'value']","Asset Value, Clustering, DBSCAN, K-Means, Turnover","Ni Putu Sutramiani, I Made Teguh Arthana, Pramayota Fane'a Lampung, Shana Aurelia, Muhammad Fauzi, I Wayan Agus Surya Darma","February 28, 2024",https://e-journal.unair.ac.id/JISEBI/article/view/47770/28047,The Performance Comparison of DBSCAN and K-Means Clustering for MSMEs Grouping based on Asset Value and Turnover
['Mobile Social Commerce'],"['Mobile Social Commerce', 'Privacy Concern', 'Social Support', 'UTAUT']",['Mobile Social Commerce'],"['hypotheses', 'results']","['habit', 'commerce', 'concentrate', 'exploring', 'application', 'users', 'use', 'continued', 'studies', 'motivation', 'intention', 'effort', 'expectancy', 'factors', 'conclusion']","Mobile Social Commerce, Privacy Concern, Social Construct, Social Support, UTAUT","Muhammad Malik Hakim, Putrisya Novatiara Sonia, Guruh Aryotejo, Satriyo Adhy, Yeva Fadhilah Ashari, Salman Alfarisi","February 28, 2024",https://e-journal.unair.ac.id/JISEBI/article/view/48220/28048,Factors Influencing the Use of Mobile Social Commerce Application with UTAUT2 Extended Model
[],[],"['GridSearchCV', 'SVM', 'PCA', 'SMOTE']",N/A,"['model', 'number', 'dataset', 'consider', 'expand', 'enhanced', 'investigations', 'accuracy', 'prediction', 'folds', 'explore', 'generalizability', 'study', 'enhance', 'methods', 'method']","GridSearchCV, Parkinson Disaese, SVM, PCA, SMOTE, Voice/Speech","Jumanto Jumanto, Rofik Rofik, Endang Sugiharti, Alamsyah Alamsyah, Riza Arifudin, Budi Prasetiyo, Much Aziz Muslim","February 28, 2024",https://e-journal.unair.ac.id/JISEBI/article/view/48202/28049,Optimizing Support Vector Machine Performance for Parkinson's Disease Diagnosis Using GridSearchCV and PCA-Based Feature Extraction
['Data Quality Management'],[],"['Loshin', 'DMBOK']","['year', 'solutions', 'score', 'points', 'one', 'rest', 'level', 'data analysis', 'analysis', 'components', 'strategies', 'period', 'data', 'maturity', 'study']","['Recommendations', 'year', 'quality', 'import', 'using', 'revealing', 'flow', 'measurements', 'approach', 'level', 'sector', 'governance', 'highlights', 'areas', 'measure', 'activities', 'indicators', 'include', 'maintaining', 'data', 'span', 'planning', 'implementation', 'improvement', 'importance', 'study', 'success', 'suggests']","Data Quality Management, Data Quality Maturity Model, Data Quality Strategy, Loshin, DMBOK","Tito Febrian Nugraha, Wahyu Setiawan Wibowo, Venera Genia, Ahmad Fadhil, Yova Ruldeviyani","February 28, 2024",https://e-journal.unair.ac.id/JISEBI/article/view/48160/28050,A Practical Approach to Enhance Data Quality Management in Government: Case Study of Indonesian Customs and Excise Office
[],"['Image fusion', 'brain tumor', 'medical images']",[],"['quality', '%', 'results', 'metrics', 'accuracy', 'score', 'recall', 'outcomes', 'network', 'techniques', 'method']","['quality', 'exercised', 'used', 'found', 'tasks', 'analysis', 'stretched', 'images', 'techniques', 'image', 'proposed', 'produced', 'wavelet', 'networks', 'modalities', 'transform', 'assist', 'professionals', 'method']","CT and MRI, Image fusion, brain tumor, wavelet transform methods, medical images, machine learning, CNN","Vijayan Ramaraj, Mareeswari Venkatachalaappaswamy, Manoj Kumar Sankar","February 28, 2024",https://e-journal.unair.ac.id/JISEBI/article/view/46776/28051,Medical Image Fusion for Brain Tumor Diagnosis Using Effective Discrete Wavelet Transform Methods
"['acceptance', 'telemedicine']","['acceptance', 'telemedicine', 'TAM']",['SEM'],"['influence', 'social influence', 'ease', 'usefulness', 'telemedicine', 'use', 'variables', 'influences', 'conditions', 'intention', 'Self', 'factors', 'services', 'efficacy']","['addition', 'results', 'telemedicine', 'adoption', 'acceptance', 'study', 'significance', 'factors', 'services', 'extended']","acceptance, telemedicine, TAM, SEM, intention to use","Purno Tri Aji, Luthfi Ramadani","February 28, 2024",https://e-journal.unair.ac.id/JISEBI/article/view/48199/28052,Patients' Acceptance of Telemedicine Technology: The Influence of User Behavior and Socio-Cultural Dimensions
['Insect Vector'],"['Knowledge Graph', 'Network Analysis', 'Insect Vector']","['Degree Centrality', 'Insect Vector']","['stage', 'taxonomic', 'network analysis', 'virus', 'test', 'precision', 'knowledge', 'prediction', 'photos', 'publications', 'network', 'search', 'vector', 'insect vector', 'degree centrality', 'enemies', 'analysis', 'names', 'engine', 'enemy', 'graph', 'extension', 'natural enemies', 'species', 'common names', 'insights', 'failure', 'degree', 'search engine', 'natural enemy', 'descriptions', 'centrality', 'insect', 'interaction', 'bees']","['identified', 'data', 'vector', 'insect', 'virus', 'entity', 'is', 'precision', 'using', 'note', 'insects', 'vectors', 'tests', 'order', 'search', 'embedding', 'engine']","Knowledge Graph, Network Analysis, Degree Centrality, Entity Embedding, Insect Vector","Moh. Zulkifli Katili, Yeni Herdiyeni, Medria Kusuma Dewi Hardhienata","February 28, 2024",https://e-journal.unair.ac.id/JISEBI/article/view/50015/28053,Leveraging Biotic Interaction Knowledge Graph and Network Analysis to Uncover Insect Vectors of Plant Virus
"['Agile Software Development', 'Requirements Elicitation', 'Stakeholder']",['Stakeholder'],"['Stakeholder', 'Domain Knowledge']","['quality', 'stakeholder', 'user', 'case', 'studies', 'knowledge', 'aspect', 'case studies', 'task', 'domain knowledge', 'user stories', 'capability', 'analysis', 'crafts', 'number', 'domain', 'elements', 'goal', 'Stakeholders', 'aspects', 'categories', 'framework', 'stories', 'variations']","['quality', 'knowledge', 'user', 'stakeholders', 'lies', 'story', 'based', 'shaping', 'disparities', 'contribution', 'characteristics', 'requirements', 'types', 'tasks', 'innovation', 'endorse', 'comparison', 'focusing', 'highlights', 'domain', 'elements', 'goals', 'produced', 'gathering', 'process', 'capabilities', 'framework', 'study', 'importance', 'stories']","User story, Agile Software Development, Requirements Elicitation, Stakeholder, Domain Knowledge, Process Innovation","Ersalina Trisnawati, Indra Kharisma Raharjana, Taufik Taufik, Ahmad Hoirul Basori, Nouf Atiahallah Alghanmi, Andi Besse Firdausiah Mansur","February 28, 2024",https://e-journal.unair.ac.id/JISEBI/article/view/54084/28054,Analyzing Variances in User Story Characteristics: A Comparative Study of Stakeholders with Diverse Domain and Technical Knowledge in Software Requirements Elicitation
"['Brand Image', 'Trust', 'FinTech', 'Online Transportation']","['Brand Image', 'Trust', 'FinTech', 'Online Transportation']","['Brand Image', 'Trust', 'FinTech', 'Online Transportation']","['user', 'ease', 'transportation', 'factors', 'services', 'trust', 'image', 'intentions', 'brand', 'usefulness', 'use', 'willingness', 'results', 'brand image']","['perceived', 'platforms', 'aspect', 'building', 'explaining', 'ease', 'establishing', 'trusted', 'factors', 'trust', 'services', 'image', 'brand', 'companies', 'develop', 'use', 'benefits', 'precursors', 'insights', 'understanding', 'input', 'product', 'study', 'importance', 'value']","Brand Image, Trust, FinTech, Online Transportation","Winanti Winanti, Erick Fernando","February 28, 2024",https://e-journal.unair.ac.id/JISEBI/article/view/48064/28055,The Role of Brand Image and Trust in the Adoption of FinTech Digital Payment for Online Transportation
[],['Corn Farming'],"['Corn Farming', 'System Dynamics']","['Simulation', 'system', 'farmer field school', 'drip', 'program', 'irrigation', 'irrigation system', 'productivity', 'field', 'farmer', 'corn', 'school', 'field school', 'results']","['model', 'agriculture', 'increase', 'system', 'drip', 'program', 'impact', 'research', 'irrigation', 'farming', 'profits', 'consider', 'manage', 'farmers', 'drought', 'production', 'productivity', 'use', 'water', 'save', 'field', 'farmer', 'corn', 'school', 'reducing', 'byproducts', 'developed', 'scenario', 'study', 'suggests']","Corn Farming, Decision Support System, Modeling, Simulation, System Dynamics","Erma Suryani, Haris Rafi, Amalia Utamima","February 28, 2024",https://e-journal.unair.ac.id/JISEBI/article/view/48997/28056,Model-based Decision Support System Using a System Dynamics Approach to Increase Corn Productivity
['Integrated Healthcare Center Information Systems'],['HOT-Fit'],[],"['quality', 'Problems', 'access', 'system', 'user', 'requirements', 'technology', 'accordance', 'information quality', 'factor', 'factors', 'obstacle', 'use', 'failure', 'Factors', 'satisfaction', 'service', 'user satisfaction', 'information', 'login', 'implementation', 'internet', 'information system', 'success']","['qualities', 'information', 'requirements', 'according', 'system', 'enhanced', 'conditions', 'strategy', 'circumstances', 'satisfy', 'factors', 'approach']","Community Health Workers, Evaluation, HOT-Fit, Integrated Healthcare Center Information Systems, Success Factors","Cicin Hardiyanti, Sri Kusumadewi, Rahadian Kurniawan","February 28, 2024",https://e-journal.unair.ac.id/JISEBI/article/view/49390/28057,Evaluation of Success and Failure Factors for Maternal and Child Health in Integrated Healthcare Center Information Systems (IHCIS) Using the HOT-Fit Method
"['Large dataset', 'Sentiment analysis']",['Sentiment analysis'],"['Rating prediction', 'Sentiment analysis']",N/A,"['Results', 'dataset', 'results', 'Analysis', 'learning', 'methods', 'indicate', 'setting', 'based', 'revealed', 'performed', 'machine', 'performance', 'exhibit', 'method']","Indonesian review dataset, Large dataset, Rating prediction, Sentiment analysis","Ade Romadhony, Said Al Faraby, Rita Rismala, Untari Novia Wisesty, Anditya Arifianto","February 28, 2024",https://e-journal.unair.ac.id/JISEBI/article/view/48215/28058,Sentiment Analysis on a Large Indonesian Product Review Dataset
[],[],[],"['model', '%', 'Neural Networks', 'results', 'cardiovascular disease', 'accuracy', 'disease', 'study', 'methods', 'approach']","['model', 'demonstrates', 'prediction', 'research', 'potential', 'disorders', 'algorithms', 'improve', 'treatment', 'illness', 'scalability', 'machine', 'techniques', 'systems', 'use', 'tools', 'disease', 'needed', 'conjunction', 'diagnosis', 'given', 'data', 'complexity', 'heart', 'learning', 'accuracy', 'study', 'associated']","Cardiovascular data, Clinical data., Decision tree, GWLM-NARX, Linear model functions","Sheikh Amir Fayaz Fayaz, Majid Zaman, Sameer Kaul, Waseem Jeelani Bakshi","November 1, 2023",https://e-journal.unair.ac.id/JISEBI/article/view/45199/26578,Optimizing Cardiovascular Disease Prediction: A Synergistic Approach of Grey Wolf Levenberg Model and Neural Networks
['Security attacks'],[],[],"['algorithms', 'Random Forest', 'Voting', 'attack', 'predictions', 'accuracy', 'time', 'attacks', 'study', 'experimental study', 'classifiers', 'performance', 'classification', 'stacking']","['voting', 'detection', 'level', 'using', 'accuracy', 'time', 'terms', 'required', 'ensemble', 'achieved', 'methods', 'attack', 'stacking']","Machine learning methods, Majority voting ensemble, SDN-based VANETs, Security attacks, Stacking ensemble classifiers, VANETs,","Kunal Vermani, Amandeep Noliya, Sunil Kumar, Kamlesh Dutta","November 1, 2023",https://e-journal.unair.ac.id/JISEBI/article/view/45306/26580,Ensemble Learning Based Malicious Node Detection in SDN-Based VANETs
['Cryptocurrency'],['Sentiment regression model'],"['Deep learning model', 'Sentiment regression model']","['model', 'attention', 'tweets', 'prediction', 'sentiment', 'RMSE', 'performance', 'news', 'number', 'addition', 'errors', 'Malay', 'values', 'R2', 'results', 'improvements', 'heads']","['model', 'tweets', 'sentiment', 'news', 'related', 'cryptocurrency', 'works', 'predicting', 'issues', 'proposed', 'enhance', 'extracted', 'introduced', 'learning', 'insight', 'study']","Cryptocurrency, Deep learning model, Malay text, Sentiment analysis, Sentiment regression model","Nur Azmina Mohamad Zamani, Norhaslinda Kamaruddin","November 1, 2023",https://e-journal.unair.ac.id/JISEBI/article/view/45778/26594,Crypto-sentiment Detection in Malay Text Using Language Models with an Attention Mechanism
"['Cloud computing', 'Healthcare services']","['Cloud computing', 'Green features']",[],"['energy efficiency', 'footprint', 'repositories', 'access', 'solutions', 'health data', 'research', 'carbon', 'privacy concerns', 'performance', 'consolidation', 'carbon footprint', 'self', 'articles', 'parameters', 'energy', 'greenness', 'gaps', 'performance evaluation', 'health', 'standardization', 'data access', 'data repository', 'concerns', 'service', 'summary', 'data', 'evaluation', 'efficiency', 'security', 'study', 'control', 'access control', 'privacy', 'collaboration']","['threats', 'solutions', 'investigations', 'studies', 'healthcare', 'research', 'literature', 'growth', 'overlooked', 'paper', 'existing', 'articles', 'analysis', 'reveal', 'improving', 'services', 'reviewed', 'systems', 'gaps', 'develop', 'features', 'focused', 'Based', 'cloud', 'concerns', 'researchers', 'violations', 'percent', 'consolidated', 'security', 'computing', 'privacy']","Cloud computing, Consolidation, Green computing, Green features, Healthcare services, Systematic literature review.","Aschalew Arega, Durga Prasad Sharma","November 1, 2023",https://e-journal.unair.ac.id/JISEBI/article/view/45945/26581,Towards Smart and Green Features of Cloud Computing in Healthcare Services: A Systematic Literature Review
"['Deep Learning', 'NLP', 'Sentiment Analysis']","['E-commerce', 'Sentiment Analysis']",['Bangla-BERT'],"['%', 'binary classification', 'tasks', 'accuracy', 'sentiment', 'classification', 'sentiment classification']","['classifying', 'learning', 'proposed', 'method', 'techniques', 'sentiments']","Bangla-BERT, Deep Learning, E-commerce, NLP, Sentiment Analysis","Zishan Ahmed, Shakib Sadat Shanto, Akinul Islam Jony","November 1, 2023",https://e-journal.unair.ac.id/JISEBI/article/view/46986/26584,Advancement in Bangla Sentiment Analysis: A Comparative Study of Transformer-Based and Transfer Learning Models for E-commerce Sentiment Classification
[],[],['Bidirectional Long Short-Term Memory'],"['model', 'horizons', 'error', 'metrics', 'output', 'outputs', 'tasks', 'hour', 'transfer', 'forecasting', 'rates', 'horizon', 'result', 'robustness', 'forecast', 'learning', 'accuracy', 'adaptability', 'loss']","['model', 'error', 'versatility', 'output', 'applications', 'promise', 'tasks', 'experiment', 'highlight', 'forecasts', 'findings', 'forecasting', 'rates', 'proposed', 'time', 'capabilities', 'series', 'demonstrating']","Bidirectional Long Short-Term Memory, Convolutional Neural Network, Encoder-Decoder Networks, Multi-output forecasting, Multi-step forecasting, Time-series forecasting","Kristoko Dwi Hartomo, Joanito Agili Lopo, Hindriyanto Dwi Purnomo","November 1, 2023",https://e-journal.unair.ac.id/JISEBI/article/view/47538/26585,Enhancing Multi-Output Time Series Forecasting with Encoder-Decoder Networks
"['Agile Methodology', 'Business Intelligence (BI)']",['Agile Methodology'],['Kitchenham'],"['timelines', 'iteration', 'end', 'solutions', 'precision', 'rapid iteration', 'backlogs', 'research', 'cycle', 'users', 'projects', 'reduction', 'skills', 'technology', 'tasks', 'advantages', 'code ownership', 'enhancement', 'cost', 'flexibility', 'defect', 'gaps', 'challenges', 'addition', 'benefits', 'elements', 'tools', 'insights', 'ownership', 'methods', 'code', 'Methods', 'mapping', 'cost reduction', 'implementation', 'management', 'time', 'adaptability', 'end users', 'success', 'value', 'collaboration']","['validated', 'guidance', 'implementation', 'baseline', 'outlined', 'establishing', 'practices', 'applications', 'research', 'factor', 'expert', 'integration', 'providing', 'groups', 'conclusion']","Agile Methodology, Business Intelligence (BI), Expert Judgement, Kitchenham, Systematic Literature Review (SLR)","Hapsari Wulandari, Teguh Raharjo","November 1, 2023",https://e-journal.unair.ac.id/JISEBI/article/view/45065/26586,Systematic Literature and Expert Review of Agile Methodology Usage in Business Intelligence Projects
['Defect Prediction'],['Transfer Learning'],"['Transfer Learning', 'Low Shot Learning']","['repository', 'increase', 'projects', 'Measure', '%', 'project', 'Experiments', 'results']","['algorithms', 'art', 'Measure', 'results', 'existing', 'state', 'F1', 'comparison', 'terms', 'literature', 'performed']","Just-in-time, Defect Prediction, Deep Learning, Transfer Learning, Low Shot Learning","Vikas Suhag, Sanjay Kumar Dubey, Bhupendra Kumar Sharma","November 1, 2023",https://e-journal.unair.ac.id/JISEBI/article/view/46727/26587,Transfer Learning based Low Shot Classifier for Software Defect Prediction
"['Fraud Detection', 'K-Means Clustering']",['K-Means Clustering'],[],"['events', 'facts', 'potential', '%', 'fraud', 'transaction data', 'application', 'transaction', 'detection', 'report', 'algorithm', 'consistency', 'clusters', 'fraud detection', 'data', 'Results', 'results', 'toolkit', 'accuracy', 'calculations', 'value', 'audit']","['identified', 'improved', 'report', 'Validation', 'use', 'fraud', 'toolkit', 'accuracy', 'practices', 'transaction', 'conformity', 'audit']","Fraud Detection, Benford's Law, K-Means Clustering, Audit Toolkit, Fraudulent Practices.","Doni Wiryadinata, Aris Sugiharto, Tarno Tarno","November 1, 2023",https://e-journal.unair.ac.id/JISEBI/article/view/47057/26588,The Use of Machine Learning to Detect Financial Transaction Fraud: Multiple Benford Law Model for Auditors
"['IndoBERT', 'Natural Language Processing', ""Bloom's Taxonomy""]","['IndoBERT', 'Indonesian Exam Question', ""Bloom's Taxonomy""]",[],"['%', 'rate', 'training', 'epoch', 'seconds', 'accuracy', 'time', 'validation', 'Precision']","['model', 'observation', 'classifying', 'observed', 'system', 'exam', 'questions', 'based', 'have', 'performance', 'school', 'classification', 'level']","IndoBERT, Fine Tuning, Indonesian Exam Question, Model Classifier, Natural Language Processing, Bloom's Taxonomy","Fikri Baharuddin, Mohammad Farid Naufal","November 1, 2023",https://e-journal.unair.ac.id/JISEBI/article/view/47950/26589,Fine-Tuning IndoBERT for Indonesian Exam Question Classification Based on Bloom's Taxonomy
[],['Software engineering course'],['Computer science course'],"['software', 'summative assessment', 'software engineering', 'computer', 'courses', 'engineering', 'Self', 'assessment', 'methods', 'results', 'science', 'Peer', 'computer science']","['software', 'computer', 'leading', 'evaluation', 'known', 'science', 'learning', 'engineering', 'courses', 'refinement', 'framework', 'required', 'technique', 'selection']","Computer science course, Software engineering course, Student assessment, Systematic literature review","Reza Fauzan, Daniel Siahaan, Mirotus Solekhah, Vriza Wahyu Saputra, Aditya Eka Bagaskara, Muhammad Ihsan Karimi","November 1, 2023",https://e-journal.unair.ac.id/JISEBI/article/view/45480/26590,A Systematic Literature Review of Student Assessment Framework in Software Engineering Courses
[],"['BI maturity', 'Information quality.']","['BI infrastructure', 'Data-driven culture', 'Data quality']","['influence', 'Information Quality', 'maturity', 'relevance', 'analysis', 'factors']","['relationship', 'quality', 'infrastructure', 'exploring', 'impact', 'suggested', 'paved', 'effectiveness', 'systems', 'approaching', 'way', 'information', 'maturity', 'dimensions', 'investigation', 'relevance', 'perspective', 'culture', 'importance', 'study', 'driven', 'Information']","BI infrastructure, BI maturity, Data-driven culture, Data quality, Information quality.","Abdelhak Ait Touil, Siham Jabraoui","November 1, 2023",https://e-journal.unair.ac.id/JISEBI/article/view/45098/26591,Information Quality of Business Intelligence Systems: A Maturity-based Assessment
['COVID-19'],"['Auxiliary Decision System', 'COVID-19', 'Deep Learning']","['Auxiliary Decision System', 'COVID-19', 'MobileNet', 'Transfer Learning']","['model', 'performance', '%', 'transfer', 'memory', 'dataset', 'consumption', 'models', 'resource', 'samples', 'learning', 'accuracy', 'COVID-19', 'devices']","['detect', 'decision', 'take', 'system', 'screening', 'performance', 'measures', 'accelerate', 'believe', 'patients', 'prevent', 'personnel', 'use', 'workload', 'authorities', 'proposed', 'facilitate', 'casualties', 'reducing', 'allow', 'COVID-19', 'limit', 'transmission', 'method']","Auxiliary Decision System, COVID-19, CT Scan, Deep Learning, MobileNet, Transfer Learning","Md. Jawwad Bin Zahir, Muhammad Anwarul Azim, Abu Nowshed Chy, Mohammad Khairul Islam","November 1, 2023",https://e-journal.unair.ac.id/JISEBI/article/view/48136/26592,A Fast and Reliable Approach for COVID-19 Detection from CT-Scan Images
"['Artificial Intelligence', 'Governance']","['Artificial Intelligence', 'Deming cycle', 'Governance', 'Systematic literature review']",[],"['papers', 'domain', 'studies', 'inclusion', 'exclusion criteria', 'cycle', 'exclusion', 'criteria', 'search']","['perform', 'domains', 'cycle', 'applications', 'performance', 'usage', 'check', 'do', 'stages', 'found', 'risk', 'plan', 'emphasis', 'strategy', 'alignment', 'implementation', 'management', 'capabilities', 'driven', 'contexts', 'measurement']","Artificial Intelligence, Deming cycle, Governance, IT Governance domain, Systematic literature review","Eva Hariyanti, Made Balin Janeswari, Malvin Mikhael Moningka, Fikri Maulana Aziz, Annisa Rahma Putri, Oxy Setyo Hapsari, Nyoman Agus Arya Dwija Sutha, Yohannes Alexander Agusti Sinaga, Manik Prasanthi Bendesa","November 1, 2023",https://e-journal.unair.ac.id/JISEBI/article/view/48186/26593,Implementations of Artificial Intelligence in Various Domains of IT Governance: A Systematic Literature Review
[],['SVM'],"['Adaptive histogram equalization', 'Anisotropic diffusion filter', 'Deep CNN', 'Machine learning', 'SVM']","['model', 'others', '%', 'dataset', 'specificity', 'sensitivity', 'learning', 'accuracy', 'time', 'models', 'transfer', 'method']","['model', 'extracts', 'consuming', 'problems', 'improves', 'features', 'time', 'proposed', 'structure', 'effectiveness', 'overfitting', 'performance', 'classification']","Adaptive histogram equalization, Anisotropic diffusion filter, Deep CNN, E-health, Machine learning, SVM, Transfer learning.","Angona Biswas, Md. Saiful Islam","April 28, 2023",https://e-journal.unair.ac.id/JISEBI/article/view/38587/24451,A Hybrid Deep CNN-SVM Approach for Brain Tumor Classification
['COVID-19 Cases'],[],[],"['%', 'death', 'ability', 'accuracy', 'cases', 'value', 'method']","['deaths', 'COVID-19', '-', 'cases', 'validation', 'predict', 'method']","Artificial Intelligence, Artificial Neural Network (ANN) K-Fold Cross Validation, COVID-19 Cases, Data Mining, Prediction.","Nur Alifiah, Dian Kurniasari, Amanto Amanto, Warsono Warsono","April 28, 2023",https://e-journal.unair.ac.id/JISEBI/article/view/38734/24452,Prediction of COVID-19 Using the Artificial Neural Network (ANN) with K-Fold Cross-Validation
"['E-Commerce', 'Gamification']","['E-Commerce', 'Gamification']",['Kitchenham'],"['year', 'immersion', 'user', 'points', 'research', '-', 'achievement', 'loyalty', 'engagement', 'commerce', 'rewards', 'fantasy', 'badges', 'trend', 'application', 'result', 'themes', 'behavior', 'e', 'elements', 'leaderboards', 'field', 'consumer', 'avatars', 'study', 'gamification']","['Future', 'knowledge', 'solutions', 'studies', 'find', '-', 'need', 'commerce', 'improve', 'trends', 'found', 'helps', 'application', 'challenges', 'themes', 'e', 'elements', 'overcome', 'examine', 'study', 'gamification', 'arise']","E-Commerce, Gamification, Gamification trends and applications, Kitchenham, Systematic literature review.","Muhamad Adhytia Wana Putra Rahmadhan, Dana Indra Sensuse, Ryan Randy Suryono, Kautsarina Kautsarina","April 28, 2023",https://e-journal.unair.ac.id/JISEBI/article/view/39025/24453,Trends and Applications of Gamification in E-Commerce: A Systematic Literature Review
"['Food security', 'Rice production', 'Rice production']","['Rice production', 'Rice production', 'System dynamics']",[],N/A,"['production', 'rice', 'quality', 'yields', 'results', 'increase', 'used', 'mechanism', 'use', 'food', 'harvesting', 'maintain', 'security', 'research', 'study', 'improving', 'simulation']","Food security, Rice production, Rice production, System dynamics","Mala Rosa Aprillya, Erma Suryani","April 28, 2023",https://e-journal.unair.ac.id/JISEBI/article/view/40449/24454,Simulation of System Dynamics for Improving The Quality of Paddy Production in Supporting Food Security
"['Adoption', 'Telemedicine']","['Adoption', 'Telemedicine']",['UTAUT2'],"['influence', 'telemedicine', 'condition', 'adults', 'privacy', 'impact', 'performance', 'behavioral intention', 'literacy', 'expectancy', 'findings', 'trust', 'value', 'intention', 'effects', 'price', 'social influence', 'effort', 'concern']","['model', 'influence', 'increase', 'telemedicine', 'condition', 'tool', 'privacy', 'healthcare', 'show', 'performance', 'usage', 'literacy', 'expectancy', 'factors', 'trust', 'strategies', 'facilitating', 'develop', 'highlights', 'adoption', 'understanding', 'intention', 'aspects', 'price', 'Results', 'concern', 'implementation', 'importance', 'study', 'effort', 'value']","Adoption, Behavioral Intention to Use, Telemedicine, UTAUT2, Virtual Healthcare.","Rima Alviani, Betty Purwandari, Imairi Eitiveni, Mardiana Purwaningsih","April 28, 2023",https://e-journal.unair.ac.id/JISEBI/article/view/41371/24455,Factors Affecting Adoption of Telemedicine for Virtual Healthcare Services in Indonesia
['COVID-19'],"['COVID-19', 'Socioeconomic and demographic']","['COVID-19', 'Hierarchical clustering', 'Socioeconomic and demographic']","['model', 'cluster', 'conditions', 'clusters', 'COVID-19', 'cases', 'incidence']","['region', 'waves', 'considering', 'played', 'found', 'risk', 'COVID-19', 'forecast', 'study', 'cases', 'factors', 'role', 'area', 'associated']","COVID-19, Facebook Prophet , Hierarchical clustering, Socioeconomic and demographic","Siti Nur Hasanah, Yeni Herdiyeni, Medria Kusuma Dewi Hardhienata","April 28, 2023",https://e-journal.unair.ac.id/JISEBI/article/view/42028/24456,The Impact of Socioeconomic and Demographic Factors on COVID-19 Forecasting Model
[],"['Emotion detection', 'Pearson correlation']","['Deep learning', 'Machine learning', 'Pearson correlation']","['%', 'aspect', 'accuracy', 'scenarios', 'emotion', 'sentiment', 'factor', 'correlation', 'scenario', 'factors', 'value']","['use', 'aspect', 'sentiment', 'emotion', 'correlation', 'opinion', 'understand']","Aspect-based sentiment, Deep learning, Emotion detection, Machine learning, Pearson correlation, Public opinion.","Salsabila Salsabila, Salsabila Mazya Permataning Tyas, Yasinta Romadhona, Diana Purwitasari","April 28, 2023",https://e-journal.unair.ac.id/JISEBI/article/view/42113/24457,Aspect-based Sentiment and Correlation-based Emotion Detection on Tweets for Understanding Public Opinion of Covid-19
"['Software security', 'Software testing']","['Software testing', 'Systematic literature review']",[],"['papers', 'software', 'studies', 'domains', 'software security', 'search', 'exclusion criteria', 'criteria', 'inclusion', 'aspects', 'results', 'references', 'security', 'search results', 'software testing', 'exclusion', 'testing']","['software', 'used', 'domain', 'references', 'found', 'aspect', 'security', 'testing', 'approach']","Software security, Software testing, Security testing approach, Security threats, Systematic literature review","Halim Wildan Awalurahman, Ibrahim Hafizhan Witsqa, Indra Kharisma Raharjana, Ahmad Hoirul Basori","April 28, 2023",https://e-journal.unair.ac.id/JISEBI/article/view/42593/24458,Security Aspect in Software Testing Perspective: A Systematic Literature Review
"['Customer', 'Orientation']","['Classification', 'Customer', 'Orientation']","['Classification', 'Customer', 'Orientation', 'Vader lexicon,']","['service quality', 'quality', '%', 'responses', 'results', 'customer', 'product', 'customer orientation', 'service', 'orientation', 'value']","['demonstrate', 'integrating', 'using', 'annotation', 'tool', 'text', 'studies', 'performance', '%', 'classifier', 'consider', 'findings', 'annotating', 'enhance', 'values', 'results', 'accuracy', 'process', 'value']","Classification, Customer, Orientation, Text analysis, Vader lexicon,","Vivine Nurcahyawati, Zuriani Mustaffa","April 28, 2023",https://e-journal.unair.ac.id/JISEBI/article/view/43377/24459,Vader Lexicon and Support Vector Machine Algorithm to Detect Customer Sentiment Orientation
"['DX', 'Innovation', 'Open Innovation']","['DX', 'Innovation', 'Open Innovation']",[],"['scope', 'protection mechanisms', 'sub', 'climate', 'output', '-', 'governance', 'environment', 'technology', 'perspectives', 'activities', 'mechanisms', 'dimensions', 'enablers', 'export', 'protection', 'framework', 'collaboration']","['increase', 'research', 'building', 'build', 'provides', 'parameters', 'application', 'criteria', 'highlights', 'establish', 'organisation', 'values', 'maturity', 'dimensions', 'ecosystem', 'defining', 'framework', 'importance', 'study', 'success']","DX, Innovation, Open Innovation, Open Innovation Framework","Abdurrahman Abdurrahman, Aurik Gustomo, Eko Agus Prasetio, Sonny Rustiadi","October 29, 2022",https://e-journal.unair.ac.id/JISEBI/article/view/34784/22809,Designing an Open Innovation Framework for Digital Transformation Based on Systematic Literature Review
"['COVID-19', 'Deep Learning']",['Classification'],"['CNN', 'Classification', 'Deep Learning']","['%', 'class method', 'results', 'class', 'accuracy', 'method']","['model', 'classify', 'system', 'patients', 'assist', 'using', 'reading', 'radiologists', 'viruses', 'images', 'diagnose']","COVID-19, CNN, Classification, Deep Learning","Endra Yuliawan, Shofwatul ‘Uyun","October 29, 2022",https://e-journal.unair.ac.id/JISEBI/article/view/37958/22810,Chest X-ray Image Classification for COVID-19 diagnoses
[],"['Messenger Platform', 'Preference']","['Multiple Linear Regression', 'Preference']","['needs', 'user', 'history', 'performance', 'users', 'accessibility', 'customers', 'effectiveness', 'flexibility', 'services', 'customer services', 'interface', 'results', 'customer', 'security', 'responsiveness', 'privacy']","['messenger', 'platform', 'user', 'customer', 'creation', 'indicators', 'research', 'based', 'preferences', 'guide', 'identify']","Conjoint, Messenger Platform, Multiple Linear Regression, Preference","Evi Triandini, I Gusti Ngurah Satria Wijaya, Riza Wulandari, Ni Wayan Cahya Ayu Pratami, I Ketut Putu Suniantara, Candra Ahmadi","October 29, 2022",https://e-journal.unair.ac.id/JISEBI/article/view/36966/22811,Identifying Messenger Platform Preferences using Multiple Linear Regression and Conjoint Analyses
[],[],[],"['kWh', 'business', 'customer', 'customers', 'capacity', 'segments', 'Segment', 'load', 'peak', 'usage']","['relationship', 'increase', 'program', 'deployed', 'marketing', 'accommodate', 'need', 'approach', 'partnership', 'segmentation', 'taken', 'handle', 'customers', 'electricity', 'increasing', 'energy', 'period', 'account', 'executives', 'business', 'base', 'premium', 'use', 'consumption', 'strategy', 'segments', 'needed', 'peak', 'customer', 'segment']",N/A,"Radit Rahmadhan, Meditya Wasesa","October 29, 2022",https://e-journal.unair.ac.id/JISEBI/article/view/36696/22812,Segmentation using Customers Lifetime Value: Hybrid K-means Clustering and Analytic Hierarchy Process
"['Mental Health', 'Twitter']",['Mental Health'],[],"['%', 'results', 'tweets', 'increase', 'classification']","['stage', 'improved', 'tweets', 'needs', 'studies', '-', 'based', 'cases', 'performance', 'disorders', '%', 'found', 'increasing', 'lexicon', 'health', 'appears', 'future', 'categorised', 'status', 're', 'has', 'finding', 'study']","Lexicon Based, Mental Disorder, Mental Health, Naí¯ve Bayes, Twitter","Sheila Shevira, I Made Agus Dwi Suarjaya, Putu Wira Buana","October 29, 2022",https://e-journal.unair.ac.id/JISEBI/article/view/37942/22813,Lexicon and Naive Bayes Algorithms to Detect Mental Health Situations from Twitter Data
[],[],[],"['model', '%', 'training', 'epoch', 'time', 'moles', 'experiment', 'F1', 'score', 'second']","['model', 'detect', 'scores', 'epoch', 'moles', 'performance', 'implemented', '%', 'classifying', 'improve', 'number', 'training', 'future', 'F1', 'models', 'has', 'have', 'balance', 'classification', 'melanoma', 'seconds', 'time', 'method']",N/A,"Jessica Millenia, Mohammad Farid Naufal, Joko Siswantoro","October 29, 2022",https://e-journal.unair.ac.id/JISEBI/article/view/37995/22820,Melanoma Detection using Convolutional Neural Network with Transfer Learning on Dermoscopic and Macroscopic Images
['Brain Tumour'],"['Brain Tumour', 'Convolutional Neural Network']",['Feature Extraction'],"['model', '%', 'meningioma', 'dataset', 'classes', '3c', 'accuracy', 'glioma', 'models', 'share']","['meningioma', 'analytics', 'glioma', 'dealing', 'overfitting', 'show', 'outcomes', 'study', 'enhance', 'strategies', 'performance', 'techniques', 'classification', 'weight']","Brain Tumour, Convolutional Neural Network, Feature Extraction, Multi-Classification, Machine Learning Classifiers","Hafiza Akter Munira, Md Saiful Islam","October 29, 2022",https://e-journal.unair.ac.id/JISEBI/article/view/37034/22814,Hybrid Deep Learning Models for Multi-classification of Tumour from Brain MRI
[],[],[],"['%', 'precision', 'accuracy', 'recall', 'models', 'study', 'application', 'forest', 'random forest']","['data', 'produce', 'use', 'accuracy', 'models', 'research', 'based', 'processing', 'forest', 'Ensemble', 'classification']",N/A,"Nur Ghaniaviyanto Ramadhan, Adiwijaya Adiwijaya","October 29, 2022",https://e-journal.unair.ac.id/JISEBI/article/view/36500/22815,Data Mining Techniques in Handling Personality Analysis for Ideal Customers
['Dental Disease'],"['Dental Disease', 'Mamdani Fuzzy Logic', 'Naí¯ve Bayes']","['Dental Disease', 'Expert System', 'Mamdani Fuzzy Logic', 'Naí¯ve Bayes']","['logic', '%', 'patients', 'weight', 'rate', 'disease', 'methods', 'type', 'complaints', 'values', 'accuracy', 'converts', 'answers', 'method']","['diagnoses', 'accuracy', 'prediction', 'expert', 'determine', 'logic', 'method']","Dental Disease, Expert System, Mamdani Fuzzy Logic, Naí¯ve Bayes, Prediction","Linda Perdana Wanti, Oman Somantri","October 29, 2022",https://e-journal.unair.ac.id/JISEBI/article/view/36690/22816,Comparing Fuzzy Logic Mamdani and Naí¯ve Bayes for Dental Disease Detection
[],[],[],"['airlines', 'airline', 'results', 'sub', 'Wings Air', '-', 'criteria', 'performance']","['airlines', 'information', 'airline', 'improve', 'experience', 'sub', 'provides', 'customer', 'research', '-', 'methods', 'criteria', 'performance']",N/A,"Yuniar Farida, Husna Nur Laili, Achmad Teguh Wibowo, Latifatun Nadya Desinaini, Silvia Kartika Sari","October 29, 2022",https://e-journal.unair.ac.id/JISEBI/article/view/36432/22817,Selecting the Best-Performing Low-Cost Carrier (LCC) Airlines Using Analytical Hierarchy Process (AHP) and Elimination et Choix Traduisant la Realite (ELECTRE)
"['Information Security Risk Assessment', 'ISRA', 'Security Risk']",['ISRA'],[],"['risk assessment', 'information', 'addition', 'studies', 'risk', 'models', 'assessment', 'systems', 'information systems']","['model', 'assessments', 'needs', 'research', 'show', 'risk', 'findings', 'systems', 'according', 'develop', 'is', 'goals', 'models', 'needed', 'researchers', 'tailored', 'evaluation', 'developed', 'framework', 'computing']","Information Security Risk Assessment, ISRA, Security Risk","Rias Kumalasari Devi, Dana Indra Sensuse, Kautsarina, Ryan Randy Suryono","October 29, 2022",https://e-journal.unair.ac.id/JISEBI/article/view/37851/22818,Information Security Risk Assessment (ISRA): A Systematic Literature Review
['Skin Cancer'],"['Deep Learning', 'ISIC 2020', 'Pre-trained Model', 'Skin Cancer']",[],"['%', 'training', 'accuracy', 'models', 'validation']","['model', '%', 'lives', 'physicians', 'science', 'accuracy', 'help', 'skin', 'cancer', 'trained', 'save', 'findings', 'study', 'validation', 'diagnose']","Deep Learning, ISIC 2020, Pre-trained Model, Skin Cancer, Transfer Learning","Subroto Singha, Priyangka Roy","October 29, 2022",https://e-journal.unair.ac.id/JISEBI/article/view/39196/22819,Skin Cancer Classification and Comparison of Pre-trained Models Performance using Transfer Learning
['Detection'],['Calorie Calculation'],"['Augmentation', 'Calorie Calculation']","['%', 'result', 'error value', 'error', 'scenarios', 'calculation', 'score', 'F1', 'value', 'method']","['calculating', 'studies', 'food', 'combination', 'shapes', 'calories', 'result']","Augmentation, Calorie Calculation, Detection","Tiara Lestari Subaran, Transmissia Semiawan, Nurjannah Syakrani","April 26, 2022",https://e-journal.unair.ac.id/JISEBI/article/view/30060/17519,Mask R-CNN and GrabCut Algorithm for an Image-based Calorie Estimation System
"['Early Stopping', 'Overfitting', 'YOLOv4']","['Early Stopping', 'Overfitting', 'YOLOv4']",['Training data'],"['hyperparameters', 'Patience', 'data', 'pattern', 'number', 'training', 'results', 'object', 'classes', 'accuracy', 'correlation', 'patience', 'images', 'duration']","['Patience', 'data', 'training', 'images', 'value']","Early Stopping, Overfitting, Training data, YOLOv4","Afif Rana Muhammad, Hamzah Prasetio Utomo, Priyanto Hidayatullah, Nurjannah Syakrani","April 26, 2022",https://e-journal.unair.ac.id/JISEBI/article/view/29988/17520,Early Stopping Effectiveness for YOLOv4
['ocean currents'],[],['ERNN'],"['west', 'inputs', 'currents', 'prediction', 'east', 'state', 'surface currents', 'MAPE', '%', 'term', 'predictions', 'north', 'rate', 'surface', 'magnitude', 'layers', '°', 'results', 'evaluation', 'learning', 'ocean', 'south']","['addition', 'term', 'surface', 'predictions', 'error', 'prediction', 'studies', 'value', 'currents', 'ocean', 'smoothing', 'method']","MAPE, ERNN, ocean currents, ocean currents' velocity, ocean currents' directions","Eka Alifia Kusnanti, Dian C. Rini Novitasari, Fajar Setiawan, Aris Fanani, Mohammad Hafiyusholeh, Ghaluh Indah Permata Sari","April 26, 2022",https://e-journal.unair.ac.id/JISEBI/article/view/30682/17558,Predicting Velocity and Direction of Ocean Surface Currents using Elman Recurrent Neural Network Method
[],"['CLSTM', 'CNN', 'RCNN']","['CLSTM', 'CNN', 'RCNN']","['yield', 'results', 'classification', 'RCNN']","['entity', 'precision', 'test', 'research', '%', 'used', 'scenarios', 'parameters', 'proven', 'result', 'labels', 'number', 'changing', 'form', 'classification', 'benefit', 'data', 'information', 'incidents', 'value']","CLSTM, CNN, Incident Classification, Multi-label Classification, RCNN","Sherly Rosa Anggraeni, Narandha Arya Ranggianto, Imam Ghozali, Chastine Fatichah, Diana Purwitasari","April 26, 2022",https://e-journal.unair.ac.id/JISEBI/article/view/32244/17559,Deep Learning Approaches for Multi-Label Incidents Classification from Twitter Textual Information
[],"['Heterogeneous Ensembles', 'Multi-Label Classification']",['Ensemble Method'],"['model', 'learners', 'score', '%', 'top', 'machine', 'result', 'number', 'ensembles', 'base', 'data classification', 'F1', 'classification', 'data', 'learning', 'method']","['shows', 'classification', 'data', 'dimensions', 'ensembles', 'using', 'text', 'models', 'result']","Biomedical Question Classification, Ensemble Method, Heterogeneous Ensembles, Multi-Label Classification, Question Answering","Abid Famasya Abdillah, Cornelius Bagus Purnama Putra, Apriantoni Apriantoni, Safitri Juanita, Diana Purwitasari","April 26, 2022",https://e-journal.unair.ac.id/JISEBI/article/view/32258/17560,Ensemble-based Methods for Multi-label Classification on Biomedical Question-Answer Data
[],['Convolutional Neural Network'],"['Freeman Chain Code', 'Support Vector Machine']","['scores', 'training', 'values', 'mins', 'extraction', 'precision', 'accuracy', 'score', 'recall', 'threshold', 'technique', 'testing', 'secs']","['modified', 'perform', 'using', 'scoring', 'LeNet-5', 'discovered', 'images', 'reached', 'training', 'addition', 'measure', 'intensity', 'threshold', 'extraction', 'F', 'testing', 'value', 'method']","Convolutional Neural Network, Freeman Chain Code, License Plate Character Recognition, Support Vector Machine","Firman Maulana Adhari, Taufik Fuadi Abidin, Ridha Ferdhiana","April 26, 2022",https://e-journal.unair.ac.id/JISEBI/article/view/32497/17561,License Plate Character Recognition using Convolutional Neural Network
['Term-Weighting'],['Term-Weighting'],[],"['term', 'schemes', 'scheme', 'advantage', 'one', 'Term Frequency', 'experiments', 'performance', 'approach', 'method']","['detection', 'Future', 'dataset', 'studies', 'provides', 'provide', 'texts', 'emotion', 'dealing', 'performance', 'study', 'recommendations', 'imbalances', 'benefit']","Emotion Detection, Feature Engineering, Term-Weighting, Text Mining","Kuncahyo Setyo Nugroho, Fitra A. Bachtiar, Wayan Firdaus Mahmudy","April 26, 2022",https://e-journal.unair.ac.id/JISEBI/article/view/33017/17562,Detecting Emotion in Indonesian Tweets: A Term-Weighting Scheme Study
"['Engagement', 'Market Share']",['Market Share'],"['Causal Loop Diagram', 'Market Share', 'Stock Flow Diagram', 'System Dynamics']","['post', 'features', 'market', 'market share', 'contests', 'activities', 'share', 'engagement', 'frequency']","['information', 'module', 'features', 'media', 'technology', 'gain', 'market', 'work', 'research', 'study', 'demonstrated', 'share', 'promotion', 'needed']","Causal Loop Diagram, Engagement, Market Share, Stock Flow Diagram, System Dynamics","Erma Suryani, Rully Agus Hendrawan, Benyamin Limanto, Fatharani Wafda, Inayah Auliyah","April 26, 2022",https://e-journal.unair.ac.id/JISEBI/article/view/33166/17563,The Impact of Social Media Engagement on Market Share: A System Dynamics Model
['Digital signature'],"['Digital signature', 'consumer intention', 'finance and information system']",['structural equation modeling'],"['enterprise', 'influence', 'system', 'user', 'size', 'effect', 'involvement', 'simplicity', 'adoption', 'effects', 'departments', 'information', 'social influence', 'results', 'finance', 'management', 'signature', 'information system', 'support']","['information', 'finance', 'encourage', 'increase', 'system', 'levels', 'tools', 'adoption', 'tasks', 'efficiency', 'signature', 'research', 'doing', 'departments', 'suggests']","Digital signature, consumer intention, finance and information system, structural equation modeling, TOE and UTAUT","Ahmad Arif Santosa, Firdaus Alamsjah","April 26, 2022",https://e-journal.unair.ac.id/JISEBI/article/view/33845/17564,The Drivers of a Digital Signature System Adoption: Evidence from Finance and Information System Departments
[],['recommender system'],['backward chaining'],"['model', 'system', 'progress', 'user', 'visualization', 'acceptance', 'level', '%', 'ease', 'technology', 'conformity', 'result', 'simulation', 'utility', 'responses', 'usefulness', 'features', 'report', 'use', 'timeline', 'planning', 'study', 'recommendations', 'method']","['information', 'planning', 'system', 'visualization', 'propose', 'recommender']","Academic advising model, recommender system, backward chaining, goal-driven, technology acceptance model, certainty factor","Cut Fiarni, Arif Samuel Gunawan, Fredrick Victor","April 26, 2022",https://e-journal.unair.ac.id/JISEBI/article/view/33643/17565,Academic Recommender System Using Engagement Advising and Backward Chaining Model
[],[],[],N/A,N/A,N/A,N/A,"April 28, 2022",N/A,Front Matters
[],[],[],N/A,N/A,N/A,N/A,"April 28, 2022",N/A,Back Matters
[],[],[],N/A,N/A,N/A,Front Matters,"October 28, 2021",https://e-journal.unair.ac.id/JISEBI/article/view/31114/16029,Front Matters
[],[],[],N/A,N/A,N/A,Back Matters,"October 28, 2021",https://e-journal.unair.ac.id/JISEBI/article/view/31115/16030,Back Matters
[],['Technology acceptance model'],['Structural equation modeling'],"['platforms', 'quality', 'lending', 'ease', 'usefulness', 'consumers', 'use', 'attitudes', 'adoption', 'risk', 'findings', 'service', 'trust', 'users']","['model', 'tuning', 'platforms', 'actions', 'studies', 'plans', 'research', 'marketing', 'shown', 'findings', 'understand', 'platform', 'variables', 'adoption', 'goals', 'intention', 'putting', 'lending', 'results', 'suggest', 'including']","Adoption intention, Peer-to-peer lending, Structural equation modeling, Technology acceptance model","Rudy Sunardi, Usep Suhud, Dedi Purwana, Hamidah Hamidah","October 28, 2021",https://e-journal.unair.ac.id/JISEBI/article/view/28292/15932,Examining the Factors Contributing to Fintech Peer-to-peer Lending Adoption
"['Hospital', ""hospitals must pay attention to the quality of services and meet customers' expectations from admission to discharge stage. For an outpatient customer"", ""pharmacy is the last unit visited before discharge. It is likely to influence patient satisfaction and reflect the quality of hospital's service. However"", 'at certain hospitals', 'Hospital']","['Outpatient Service', 'Outpatient Service']",[],"['%', 'personnel', 'waiting', 'time', 'packaging', 'medicine']","['finding', 'improved', 'personnel', 'system', 'done', 'corroborate', 'analysis', 'packaging', 'effectiveness', 'Cost', 'performance', 'adding', 'stations']","Discrete Event Simulation, Hospital, Outpatient Service, Pharmacy Unit, System AnalysisBackground: To remain relevant in the customer-oriented market, hospitals must pay attention to the quality of services and meet customers' expectations from admission to discharge stage. For an outpatient customer, pharmacy is the last unit visited before discharge. It is likely to influence patient satisfaction and reflect the quality of hospital's service. However, at certain hospitals, the waiting time is long. Resources need to be deployed strategically to reduce queue time. Objective: This research aims to arrange the number of staff (pharmacists and workers) in each station in the pharmacy outpatient service to minimise the queue time.Methods: A discrete simulation method is used to observe the waiting time spent at the pharmacy. The simulation run is valid and effective to test the scenario. Results: It is recommended to add more personnel for the non-compounding medicine and packaging to reduce the waiting time by 22.41%Conclusion: By adding personnel to non-compounding and packaging stations, the system performance could be improved. Cost-effectiveness analysis should be done to corroborate the finding. Keywords:Discrete Event Simulation, Hospital, Outpatient Service, Pharmacy Unit, System Analysis","Putri Amelia, Artya Lathifah, Muhammad Dliya'ul Haq, Christoph Lorenz Reimann, Yudi Setiawan","October 28, 2021",https://e-journal.unair.ac.id/JISEBI/article/view/26288/15933,Optimising Outpatient Pharmacy Staffing to Minimise Patients Queue Time using Discrete Event Simulation
"['Simulation', 'System Dynamics', 'Traffic Congestion', 'Travel Time']","['Model', 'Simulation', 'System Dynamics', 'Traffic Congestion']","['Model', 'Simulation', 'System Dynamics']","['year', 'expansion', 'traffic congestion', 'projects', 'reduction', '%', 'project', 'contrary', 'congestion', 'simulation', 'travel time', 'traffic', 'results', 'implementation', 'highway expansion', 'time', 'efficiency', 'highway', 'travel']","['infrastructure', 'develop', 'transportation', 'system', 'implementation', 'capture', 'improvement', 'scenarios', 'Based', 'transport', 'project', 'research', 'trams', 'problem', 'view', 'needed']","Model, Simulation, System Dynamics, Traffic Congestion, Travel Time","Shabrina Luthfiani Khanza, Erma Suryani, Rully Agus Hendrawan","October 28, 2021",https://e-journal.unair.ac.id/JISEBI/article/view/28681/15934,Scenario Model to Mitigate Traffic Congestion and Improve Commuting Time Efficiency
['Kartu Prakerja'],['Sentiment Analysis'],"['Sentiment Analysis', 'Support Vector Machine', 'Text Mining', 'Radial Basis Function']","['tweets', 'prediction', 'sentiment', 'sentiments', '%', 'analysis', 'specificity', 'sensitivity', 'classification', 'data', 'values', 'results', 'accuracy', 'testing']","['classification', 'results', 'used', 'improve', 'future', 'case', 'stakeholders', 'analysis', 'inform', 'sentiment', 'programmes', 'opinion', 'show', 'findings', 'understand', 'method']","Kartu Prakerja, Sentiment Analysis, Support Vector Machine, Text Mining, Radial Basis Function","Belindha Ayu Ardhani, Nur Chamidah, Toha Saifudin","October 28, 2021",https://e-journal.unair.ac.id/JISEBI/article/view/26650/15935,Sentiment Analysis Towards Kartu Prakerja Using Text Mining with Support Vector Machine and Radial Basis Function Kernel
['Event log'],"['Event log', 'Fitness']","['Conformance Checking', 'Dwelling time', 'Event log', 'Fitness']","['fitness', 'b', 'tokens', 'algorithm', 'calculation', 'findings', 'traces']","['shows', 'model', 'fitness', 'business', 'following', 'process', 'mining']","Conformance Checking, Dwelling time, Event log, Fitness, Process Discovery, Process Mining","Bambang Jokonowo, Nenden Siti Fatonah, Emelia Akashah Patah Akhir","October 28, 2021",https://e-journal.unair.ac.id/JISEBI/article/view/28515/15936,Conformance Checking of Dwelling Time Using a Token-based Method
"['Inventory Policy', 'Supply Chain Management']",['Reinforcement Learning'],"['Inventory Policy', 'Q-Learning']","['quantities', 'constraints', 'error', 'studies', 'order', 'approach', 'trial', 'result', 'addition', 'simulations', 'finding', 'assumptions', 'time']","['leads', 'end', 'research', 'suggested', 'approach', 'supply', 'algorithms', 'implemented', 'environments', 'analysis', 'project', 'machine', 'expressed', 'have', 'Results', 'confirm', 'learning', 'combining', 'network', 'shortages']","Inventory Policy, Multi-Echelon, Reinforcement Learning, Supply Chain Management, Q-Learning",Ika Nurkasanah,"October 28, 2021",https://e-journal.unair.ac.id/JISEBI/article/view/28766/15937,Reinforcement Learning Approach for Efficient Inventory Policy in Multi-Echelon Supply Chain Under Various Assumptions and Constraints
"['Artificial Neural Network (ANN)', 'Backpropagation', 'Kohonen Self Organizing Map (KSOM)', 'Supervised learning', 'Unsupervised learning']",['Backpropagation'],"['Artificial Neural Network (ANN)', 'Backpropagation', 'Kohonen Self Organizing Map (KSOM)']","['Rejection', 'backpropagation', '%', 'images', 'Rate', 'training', 'recognition', 'seconds', 'process', 'time', 'face', 'value', 'method']","['layers', 'training', 'recognition', 'Backpropagation', 'process', 'images', 'face', 'method']","Artificial Neural Network (ANN), Backpropagation, Kohonen Self Organizing Map (KSOM), Supervised learning, Unsupervised learning","Lady Silk Moonlight, Fiqqih Faizah, Yuyun Suprapto, Nyaris Pambudiyatno","October 28, 2021",https://e-journal.unair.ac.id/JISEBI/article/view/28191/15938,Comparison of Backpropagation and Kohonen Self Organising Map (KSOM) Methods in Face Image Recognition
"['Technology Acceptance Model', 'Technology Adoption', 'Small-medium Enterprises']",['Technology Adoption'],"['Technology Acceptance Model', 'Technology Adoption']","['user', 'studies', 'human resource management', 'research', 'acceptance', 'level', 'financial technology', 'ease', 'experience', 'technology', 'articles', 'user experience', 'context', 'factors', 'review', 'usefulness', 'use', 'areas', 'variables', 'human resource', 'resource', 'type', 'overview', 'management', 'resource management', 'range']","['highlights', 'trends', 'assist', 'user', 'studies', 'adoption', 'SMEs', 'developers', 'understanding', 'models', 'acceptance', 'field', 'factors', 'researchers', 'review']","Technology Acceptance Model, Technology Adoption, Small-medium Enterprises, Critical Review","Adisthy Shabrina Nurqamarani, Eddy Sogiarto, Nurlaeli Nurlaeli","October 28, 2021",https://e-journal.unair.ac.id/JISEBI/article/view/27887/15939,Technology Adoption in Small-Medium Enterprises based on Technology Acceptance Model: A Critical Review
[],[],[],N/A,N/A,N/A,Front Matters,"April 28, 2021",https://e-journal.unair.ac.id/JISEBI/article/view/26790/14102,Front Matters
[],[],[],N/A,N/A,N/A,Back Matters,"April 28, 2021",https://e-journal.unair.ac.id/JISEBI/article/view/26791/14103,Back Matters
[],[],[],"['%', 'merit', 'means', 'analysis', 'admission', 'students', 'method']","['model', 'data', 'merit', 'values', 'prediction', 'accuracy', 'clustering', 'assumption', 'admission', 'based', 'students', 'has']",N/A,"Raden Gunawan Santosa, Yuan Lukito, Antonius Rachmat Chrismanto","April 27, 2021",https://e-journal.unair.ac.id/JISEBI/article/view/22395/13988,Classification and Prediction of Students' GPA Using K-Means Clustering Algorithm to Assist Student Admission Process
[],[],[],"['%', 'results', 'test', 'quantiles', 'mixture', 'VaR', 'approach']","['model', 'test', 'using', 'VaR', 'based', 'study', 'performing', 'backtesting']",N/A,"Brina Miftahurrohmah, Catur Wulandari, Yogantara Setya Dharmawan","April 27, 2021",https://e-journal.unair.ac.id/JISEBI/article/view/22762/13989,Investment Modelling Using Value at Risk Bayesian Mixture Modelling Approach and Backtesting to Assess Stock Risk
[],[],[],"['data', '%', 'speed', 'kernel', 'polynomial kernel', 'accuracy', 'time', 'combination', 'combinations', 'processing', 'methods', 'value']","['detection', 'overview', 'computer', 'staring', 'health', 'eyes', 'working', 'provides', 'maintain', 'fatigue', 'research', 'limit', 'places', 'screen', 'methods', 'switch']",N/A,"Faisal Dharma Adhinata, Diovianto Putra Rakhmadani, Danur Wijayanto","April 27, 2021",https://e-journal.unair.ac.id/JISEBI/article/view/24144/13990,Fatigue Detection on Face Image Using FaceNet Algorithm and K-Nearest Neighbor Classifier
[],[],[],"['%', 'values', 'accumulation', 'trends', 'new cases', 'error', 'days', 'categories', 'correlation', 'cases', 'mobility']","['driver', 'workplaces', 'number', 'recreation', 'pharmacies', 'rate', 'spread', 'discover', 'retail', 'parks', 'groceries', 'contrast', 'mobility', 'transmission']",N/A,"Syafira Fitri Auliya, Nurcahyani Wulandari","April 27, 2021",https://e-journal.unair.ac.id/JISEBI/article/view/25241/13991,The Impact of Mobility Patterns on the Spread of the COVID-19 in Indonesia
[],[],[],"['%', 'performer', 'descent', 'accuracy', 'gradient descent', 'models', 'momentum', 'stochastic gradient descent', 'validation']","['model', 'provides', 'accuracy', 'time', 'proposed', 'has', 'takes', 'works', 'validation', 'architecture']",N/A,"Angona Biswas, Md. Saiful Islam","April 27, 2021",https://e-journal.unair.ac.id/JISEBI/article/view/24237/13992,An Efficient CNN Model for Automated Digital Handwritten Digit Classification
[],[],[],"['mask', 'faces', 'seconds', 'execution', 'accuracy', 'time', 'execution time', 'average performance', 'images', 'performance']","['model', 'detect', 'masks', 'system', 'case', 'amount', 'times', 'performance', 'algorithms', 'warn', 'mask', 'implemented', 'used', 'execution', 'trained', 'people', 'image', 'detection', 'use', 'future', 'form', 'has', 'classification', 'data', 'time', 'wearing', 'face']",N/A,"Mohammad Farid Naufal, Selvia Ferdiana Kusuma, Zefanya Ardya Prayuska, Ang Alexander Yoshua, Yohanes Albert Lauwoto, Nicky Setyawan Dinata, David Sugiarto","April 27, 2021",https://e-journal.unair.ac.id/JISEBI/article/view/25167/13993,Comparative Analysis of Image Classification Algorithms for Face Mask Detection
[],[],[],"['data', '%', 'results', 'prediction', 'accuracy', 'testing', 'students', 'study', 'graduation', 'performance', 'result']","['teaching', 'learning', 'process', 'expected', 'universities', 'finding']",N/A,"Herman Yuliansyah, Rahmasari Adi Putri Imaniati, Anggit Wirasto, Merlinda Wibowo","April 27, 2021",https://e-journal.unair.ac.id/JISEBI/article/view/25182/13994,Predicting Students Graduate on Time Using C4.5 Algorithm
[],[],[],"['reliability', 'associations', 'scores', 'constipation', 'score', 'nausea', 'performance', 'appetite', 'relation', 'factors', 'relations', 'health', 'status', 'direction', 'performance status', 'data', 'causal', 'study', 'insomnia', 'loss']","['model', 'evidence', 'quality', 'increase', 'studies', 'cancer', 'research', 'based', 'problem', 'providers', 'shown', 'patients', 'capture', 'provide', 'expected', 'strategies', 'health', 'variables', 'care', 'recommendation', 'view', 'include', 'results', 'suggest', 'designing', 'life']",N/A,"Yohani Setiya Rafika Nur, Ridho Rahmadi, Christantie Effendy","April 27, 2021",https://e-journal.unair.ac.id/JISEBI/article/view/25685/13995,Causal Modeling Between Factors on Quality of Life in Cancer Patients Using S3C-Latent Algorithm
[],[],[],"['variable', 'influence', 'quality', '%', 'results', 'implementation', 'instruments', 'tests', 'hypothesis', 'teamwork']","['software', 'quality', 'implementation', 'has', 'correlation', 'teamwork', 'development']",N/A,"Ady Hermawan, Lindung Parningotan Manik","April 27, 2021",https://e-journal.unair.ac.id/JISEBI/article/view/25904/13996,The Effect of DevOps Implementation on Teamwork Quality in Software Development
[],[],[],N/A,N/A,N/A,Front Matter,N/A,https://e-journal.unair.ac.id/JISEBI/article/view/23056/12633,Front Matters
[],[],[],N/A,N/A,N/A,Back Matter,N/A,https://e-journal.unair.ac.id/JISEBI/article/view/23058/12634,Back Matters
[],[],[],N/A,"['parties', 'use', 'teachers', 'inform', 'parents', 'research', 'guiding', 'findings', 'children', 'school', 'Internet']",N/A,"Khalid Khalid, Indri Sudanawati Rozas, Dwi Rolliawati","October 27, 2020",https://e-journal.unair.ac.id/JISEBI/article/view/18382/12440,Trends and Patterns of The Internet Use During School Holidays
[],[],[],"['experiment design', 'object', 'radar system', 'design', 'speed', 'sensor', 'system', 'accuracy', 'efficiency', 'experiment', 'works', 'radar', 'method']","['detect', 'system', 'find', 'taken', 'object', '%', 'set', 'velocity', 'environment', 'radar', 'objects', 'shapes', 'data', 'limitation', 'accuracy', 'distance', 'efficiency', 'cm', 'provided']",N/A,"Angona Biswas, Sabrina Abedin, Md. Ahasan Kabir","October 27, 2020",https://e-journal.unair.ac.id/JISEBI/article/view/18840/12441,"Moving Object Detection Using Ultrasonic Radar with Proper Distance, Direction, and Object Shape Analysis"
[],[],[],"['%', 'dataset', 'classes', 'precision', 'measure', 'accuracy', 'value', 'analysis', 'recall', 'performance', 'aspects', 'sentiments']","['data', 'used', 'agree', 'algorithm', 'perspective', 'COVID-19', 'sentiment', 'government', 'dealing', 'people', 'policies', 'performance', 'predict']",N/A,"Pulung Hendro Prastyo, Amin Siddiq Sumi, Ade Widyatama Dian, Adhistya Erna Permanasari","October 27, 2020",https://e-journal.unair.ac.id/JISEBI/article/view/19624/12442,Tweets Responding to the Indonesian Government's Handling of COVID-19: Sentiment Analysis Using SVM with Normalized Poly Kernel
[],[],[],"['model', 'Random Forest', 'ways', '%', 'procedure', 'time', 'score', 'models', 'terms', 'Decision Tree', 'development']","['model', 'likelihood', 'responses', 'used', 'improve', 'owners', 'management', 'predicting', 'peer', 'listings', 'models', 'accommodation', 'booking', 'revenue', 'forest', 'performance']",N/A,"Mochammad Agus Afrianto, Meditya Wasesa","October 27, 2020",https://e-journal.unair.ac.id/JISEBI/article/view/20098/12443,"Booking Prediction Models for Peer-to-peer Accommodation Listings using Logistics Regression, Decision Tree, K-Nearest Neighbor, and Random Forest Classifiers"
[],[],[],"['statement', 'tag', 'dynamic content', 'operator', 'filter', 'maximum', 'sentence', 'application', 'POS tagger', 'clause', 'function', 'logical operator', 'content', 'replace', 'type', 'conjunction', 'message', 'limitation', 'attribute', 'tagger', 'dissemination']","['%', 'used', 'using', 'accuracy', 'content', 'sample', 'messages', 'framework', 'dissemination', 'message']",N/A,"Tora Fahrudin, Kastaman Kastaman, Sherin Nadya Meideni, Padma Edhitya Chairunnisafa Priyono, Muhammad Galang Fathirkina, Samira Samira","October 27, 2020",https://e-journal.unair.ac.id/JISEBI/article/view/19650/12444,Smart Dissemination by Using Natural Language Processing Technology
[],[],[],"['candidates', 'profile', 'precision', 'words', 'accuracy', 'expertise', 'average precision', 'supervisor', 'grouping', 'lecturer', 'student']","['information', 'system', 'thesis', 'content', 'supervisor', 'proposed', 'retrieval', 'recommender']",N/A,"Maresha Caroline Wijanto, Rachmi Rachmadiany, Oscar Karnalim","October 27, 2020",https://e-journal.unair.ac.id/JISEBI/article/view/21241/12445,Thesis Supervisor Recommendation with Representative Content and Information Retrieval
[],[],[],"['image size', 'test', 'size', 'resolution', 'length', 'change', 'image', 'SSIM', 'number', 'message', 'characters', 'stego', 'results', 'secret message', 'study', 'success']","['steganography', 'according', 'number', 'done', 'stretch', 'enlarge', 'development', 'combination', 'messages', 'research', 'technique', 'image']",N/A,"Muhammad Khoiruddin Harahap, Nurul Khairina","October 27, 2020",https://e-journal.unair.ac.id/JISEBI/article/view/21780/12446,Dynamic Steganography Least Significant Bit with Stretch on Pixels Neighborhood
[],[],[],"['knowledge', 'privacy settings', 'privacy', 'research', 'students', 'college', 'users', 'ease', 'skills', 'factors', 'college students', 'trust', 'number', 'intention', 'finding', 'information', 'misuse', 'reputation', 'danger', 'settings']","['post', 'information', 'influence', 'increase', 'behavior', 'affect', 'risk', 'privacy', 'students', 'awareness', 'college', 'concern']",N/A,"Eko Wahyu Tyas Darmaningrat, Hanim Maria Astuti, Fadhila Alfi","October 27, 2020",https://e-journal.unair.ac.id/JISEBI/article/view/22106/12447,Information Privacy Concerns Among Instagram Users: The Case of Indonesian College Students
[],[],[],N/A,N/A,N/A,Front and Back Matters,"April 28, 2020",https://e-journal.unair.ac.id/JISEBI/article/view/18883/10276,Front Matters
[],[],[],N/A,N/A,N/A,Front and Back Matters,"April 28, 2020",https://e-journal.unair.ac.id/JISEBI/article/view/18881/10278,Back Matters
[],[],[],"['results', 'sentiment', 'numbers']","['model', 'decision', 'system', 'sentiment', 'research', 'According', 'performance', 'predict', 'algorithms', 'provides', 'customers', 'analysis', 'services', 'tree', 'result', 'develop', 'use', 'classification', 'shows', 'data', 'results']",N/A,"Alifia Revan Prananda, Irfandy Thalib","April 27, 2020",https://e-journal.unair.ac.id/JISEBI/article/view/16536/10193,Sentiment Analysis for Customer Review: Case Study of GO-JEK Expansion
[],[],[],"['hate', 'results', 'media', 'words', 'tribes', 'social media', 'approach', 'speech', 'lexicon']","['detection', 'hate', 'produce', 'sampling', 'words', 'tribes', 'using', 'approach', 'speech', 'based', 'conducted', 'technique', 'lexicon']",N/A,"Mardhiya Hayaty, Sumarni Adi, Anggit Dwi Hartanto","April 27, 2020",https://e-journal.unair.ac.id/JISEBI/article/view/17372/10194,Lexicon-Based Indonesian Local Language Abusive Words Dictionary to Detect Hate Speech in Social Media
[],[],[],"['cloud services', 'computation', 'smart device', 'management', 'error', 'resource management', 'simulations', 'handling', 'framework', 'device', 'resource', 'cloud', 'services', 'users', 'devices', 'architecture']","['model', 'expectations', 'launched', 'scope', 'used', 'shown', 'linked', 'author', 'research', 'device', 'based', 'area', 'cloud', 'service', 'success', 'storage', 'method']",N/A,Tanweer Alam,"April 27, 2020",https://e-journal.unair.ac.id/JISEBI/article/view/17366/10195,"Device-to-Device Communications in Cloud, MANET and Internet of Things Integrated Architecture"
[],[],[],"['case file', 'programmers', 'case', 'test', 'tool', 'show', 'cases', 'level', 'tools', 'tests', 'entry', 'file', 'results', 'evaluation', 'scenario', 'test cases']","['programmers', 'generate', 'test', 'user', 'tool', 'help', 'case', 'applications', 'web', 'testing', 'make', 'entry', 'users', 'level']",N/A,"Indra Kharisma Raharjana, Fadel Harris, Army Justitia","April 27, 2020",https://e-journal.unair.ac.id/JISEBI/article/view/18082/10196,Tool for Generating Behavior-Driven Development Test-Cases
[],[],[],"['measurement error', 'foot width', 'results', 'length', 'foot', 'error', 'cm', 'foot length', 'width', 'measurement', 'method']","['shows', 'model', 'solution', 'complexity', 'produce', 'sensor', 'reduce', 'system', 'foot', 'proposed', 'configuration', 'angles', 'result']",N/A,"Doni Setio Pambudi, Lailatul Hidayah","April 27, 2020",https://e-journal.unair.ac.id/JISEBI/article/view/18093/10197,Foot 3D Reconstruction and Measurement using Depth Data
[],[],[],"['anxiety', 'consistency', 'teaching', 'subjects', 'mixes', 'quiz', 'activities', 'students', 'presentation', 'student', 'classroom', 'testing']","['monitoring', 'anxiety', 'knowledge', 'exam', 'research', 'students', 'presentation', 'tested', 'need', 'world', 'subjects', 'drawback', 'lecturer', 'transfer', 'improving', 'classroom', 'change', 'rate', 'behavior', 'future', 'measure', 'way', 'studying', 'have', 'student', 'act', 'teacher', 'minutes', 'configure', 'classes', 'question', 'efficiency', 'seminar', 'minute', 'Heart', 'education']",N/A,"Hadi Helmi Md Zuraini, Waidah Ismail, Rimuljo Hendradi, Army Justitia","April 27, 2020",https://e-journal.unair.ac.id/JISEBI/article/view/18166/10198,Students Activity Recognition by Heart Rate Monitoring in Classroom using K-Means Classification
[],[],[],"['year', 'Hemorrhagic Fever', 'visualization', 'dashboard', 'trends', 'predictions', 'patient', 'number', 'recommendation', 'Community Health', 'mitigation', 'detail', 'results', 'method']","['weaknesses', 'needs', 'using', 'conducting', 'performance', 'development', 'level', 'built', 'treatment', 'technology', 'get', 'factors', 'improving', 'determine', 'use', 'virtualization', 'understanding', 'cloud', 'ETL', 'data', 'considering', 'success', 'computing', 'method']",N/A,"Radityo Prasetianto Wibowo, Wiwik Anggraeni, Tresnaning Arifiyah, Edwin Riksakomara, Febriliyan Samopa, Pujiadi Pujiadi, Siti Aminatus Zehroh, Nur Aini Lestari","April 27, 2020",https://e-journal.unair.ac.id/JISEBI/article/view/18167/10199,Business Intelligence Development in Distributed Information Systems to Visualized Predicting and Give Recommendation for Handling Dengue Hemorrhagic Fever
[],[],[],"['research', 'whole', 'level', 'governance', 'technology', 'big data', 'analytics', 'adoption', 'Infrastructure', 'company', 'data', 'data management', 'dimensions', 'implementation', 'management', 'data technology']","['model', 'exist', 'manufacturing', 'interview', 'guides', 'level', 'technology', 'retrieval', 'companies', 'use', 'measure', 'tools', 'adoption', 'indicators', 'methods', 'data', 'considering', 'maturity', 'dimensions']",N/A,"Fitri Retrialisca, Umi Chotijah","April 27, 2020",https://e-journal.unair.ac.id/JISEBI/article/view/18116/10200,The Maturity Measurement of Big Data Adoption in Manufacturing Companies Using the TDWI Maturity Model
[],[],[],"['data', 'review', 'user', 'perception', 'aspects', 'method']","['suits', 'weaknesses', 'seeker', 'based', 'need', 'ratings', 'determined', 'provide', 'provides', 'analysis', 'review', 'job', 'companies', 'assistance', 'strengths', 'company', 'aspects', 'decide', 'information', 'parties', 'ability', 'help', 'study']",N/A,"Nasa Zata Dina, Nyoman Juniarta","April 27, 2020",https://e-journal.unair.ac.id/JISEBI/article/view/18104/10201,Aspect based Sentiment Analysis of Employee's Review Experience
[],"['Emoticon', 'Sarcasm']","['Emoticon', 'Naí¯ve Bayes Classifier', 'Random Forest Classifier', 'Sarcasm', 'Support Vector Machine']","['detection', 'emoticon', 'use', 'accuracy', 'process', 'analysis', 'sentiment', 'sarcasm', 'sentiment analysis', 'value', 'method']","['detection', 'data', 'results', 'differences', 'use', 'amount', 'using', 'accuracy', 'emoticons', 'process', 'Based', 'analysis', 'sentiment', 'research', 'sarcasm', 'affects', 'value', 'method']","Emoticon, Naí¯ve Bayes Classifier, Random Forest Classifier, Sarcasm, Support Vector Machine","Debby Alita, Sigit Priyanta, Nur Rokhman","October 24, 2019",https://e-journal.unair.ac.id/JISEBI/article/view/12101/8497,Analysis of Emoticon and Sarcasm Effect on Sentiment Analysis of Indonesian Language on Twitter
"['Plagiarism detection', 'Source code']","['Plagiarism detection', 'Source code']",[],"['assistants', 'evaluation', 'teaching', 'accuracy', 'tasks', 'time', 'library', 'completion']","['detection', 'source', 'assistants', 'teaching', 'tools', 'library', 'code', 'plagiarism', 'development']","Language independency, Plagiarism detection, Reusable library, Source code, Tool development","Ricardo Franclinton, Oscar Karnalim","October 24, 2019",https://e-journal.unair.ac.id/JISEBI/article/view/12851/8498,A Language-Independent Library for Observing Source Code Plagiarism
"['Constrained Optimization', 'Production Planning']","['Linear Programming', 'Production Planning']","['Genetic Algorithm', 'Particle Swarm Optimization', 'Production Planning']","['solution', 'mutation', 'chance', 'optimal solution', 'middle', 'iteration', 'improvement', 'simulations', 'position', 'probability', 'particle']","['solution', 'spent', 'planning', 'improve', 'give', 'simulations', 'show', 'cost', 'company']","Constrained Optimization, Genetic Algorithm, Linear Programming, Particle Swarm Optimization, Production Planning","Dinita Rahmalia, Teguh Herlambang, Thomy Eko Saputro","October 24, 2019",https://e-journal.unair.ac.id/JISEBI/article/view/11799/8499,Fertilizer Production Planning Optimization Using Particle Swarm Optimization-Genetic Algorithm
"['Business', 'Requirement']","['Business', 'Modern Business', 'Environment', 'Requirement', 'Methodology']","['Business Context', 'Business', 'Modern Business', 'Environment', 'Requirement', 'Methodology']",N/A,"['classification', 'requirements', 'pot', 'types', 'gathering', 'system', 'elicitation', 'advantages', 'proposed', 'definition', 'has', 'linkage', 'synthesis', 'acts', 'loss', 'approach', 'development']","Business Context, Business, Intelligence, Business Networks, Protocols, Modern Business, Environment, Operational Business, Intelligence    Requirement,  Elicitation, Requirement, Methodology",A.D.N. Sarma,"October 24, 2019",https://e-journal.unair.ac.id/JISEBI/article/view/13749/8500,One-Pot Synthesis of Requirements Elicitation for Operational BI (OBI) System: in the Context of the Modern Business Environment
[],['Untethering the Queue'],"['First Come First Serve', 'SMS', 'Telegram', 'Untethering the Queue']",N/A,"['leads', 'Patients', 'health', 'queue', 'service', 'waiting', 'time', 'comfort', 'come', 'hospital', 'numbers']","First Come First Serve, Multi Channel Access, SMS, Telegram, Untethering the Queue","Dharma Dyatmika, Oka Sudana, Gusti Agung A. Putri","October 24, 2019",https://e-journal.unair.ac.id/JISEBI/article/view/12572/8501,Untethering the Queue based on Multi Channel Access (MCA) Technology at Hospital Radiology Section
[],[],[],"['model', 'hypotheses', 'findings']","['had', 'effect', 'information', 'quality', 'were', 'system', 'use', 'user', 'benefits', 'satisfaction', 'service']","DeLone and McLean model,E-Commerce Success, Information System Success Measurement, IS Success Model","Ruth Johana Angelina, Aji Hermawan, Arif Imam Suroso","October 24, 2019",https://e-journal.unair.ac.id/JISEBI/article/view/13579/8502,Analyzing E-Commerce Success using DeLone and McLean Model
['Multimodal transportation'],"['Graph database', 'Multimodal transportation', 'Neo4j', 'Cypher']",[],N/A,"['model', 'data', 'implemented', 'query', 'transportation', 'mode', 'implementation', 'using', 'paths', 'routes', 'distinguish', 'developed', 'display', 'route', 'conducted', 'Searching']","Graph database, Multimodal transportation, Neo4j, Cypher","Panji Wisnu Wirawan, Djalal Er Riyanto, Dinar Mutiara Kusumo Nugraheni, Yasmin Yasmin","October 24, 2019",https://e-journal.unair.ac.id/JISEBI/article/view/12013/8503,Graph Database Schema for Multimodal Transportation in Semarang
['Information Retrieval'],"['Genetic Algorithm', 'Information Retrieval', 'Indonesian language document', 'Relevance Feedback']","['Genetic Algorithm', 'Information Retrieval', 'Mean Average Precision', 'Relevance Feedback']","['mutation', 'increase', 'population size', 'Indonesian language', 'probability', 'language', 'size', 'news', '%', 'Information Retrieval System', 'thesis', 'parameters', 'dataset', 'Information Retrieval', 'crossover', 'document', 'values', 'results', 'improvement', 'population', 'position', 'recall', 'value']","['mutation', 'probability', 'based', 'size', 'feedback', 'query', 'length', 'depends', 'parameters', 'dataset', 'crossover', 'follows', 'values', 'document', 'relevance', 'population', 'position', 'recall']","Genetic Algorithm, Information Retrieval, Indonesian language document, Mean Average Precision, Relevance Feedback","Salman Dziyaul Azmi, Retno Kusumaningrum","October 24, 2019",https://e-journal.unair.ac.id/JISEBI/article/view/13548/8504,Relevance Feedback using Genetic Algorithm on Information Retrieval for Indonesian Language Documents
"['Business Process', 'Temporal Causal Relation', 'Double Timestamp Event Log']","['Business Process', 'Temporal Causal Relation', 'Double Timestamp Event Log']","['Business Process', 'Temporal Causal Relation']","['log', 'timestamp', 'logs', 'business process', 'relation', 'causal relation', 'business', 'models', 'event logs', 'results', 'event', 'process', 'event log', 'life']","['log', 'Considering', 'business', 'event', 'timestamp', 'using', 'process', 'discovered', 'relation', 'models', 'study', 'findings', 'relations']","Business Process, Process Discovery, Process Mining, Temporal Causal Relation, Double Timestamp Event Log","Yutika Amelia Effendi, Nania Nuzulita","October 24, 2019",https://e-journal.unair.ac.id/JISEBI/article/view/15040/8505,Process Discovery of Business Processes Using Temporal Causal Relation
"['Financial Service Authority', 'Financial Service Industry']",['Executive Information System'],"['Unified Modelling Language', 'Unified Process']","['pattern', 'information', 'survey', 'system', 'implementation', 'technology', 'information system', 'framework', 'study', 'microservice', 'acceptance', 'users', 'result']","['limitation', 'highlights', 'improve', 'enhancement', 'study', 'address']","Executive Information System, Financial Service Authority, Financial Service Industry, Hybrid Mobile Application, Unified Modelling Language, Unified Process","Dina Fitria Murad, Wirianto Widjaya, Dwi Rahmania Noviani, Nur Fitriyyah, Liany Minarni Saputri","October 24, 2019",https://e-journal.unair.ac.id/JISEBI/article/view/15083/8506,Hybrid Mobile Executive Information (m-EIS) System Using Quasar Framework for Indonesia Financial Service Authority
['Drug sampling'],"['Drug distribution patterns', 'Drug sampling']","['Clustering', 'CRISP-DM', 'Drug sampling']","['districts', 'city', 'attributes', 'cluster', 'distribution', 'district', 'dataset', 'category', 'drug name', 'clusters', 'sample', 'name', 'pattern', 'surveillance', 'drug', 'classes', 'evaluation', 'items', 'drug distribution']","['data', 'improved', 'drug', 'information', 'planning', 'decision', 'sampling', 'provides', 'improvement', 'mining', 'depth', 'control', 'technique', 'performance']","Clustering, CRISP-DM, Data Mining, Drug distribution patterns, Drug quality control, Drug sampling","Wahyuri Wahyuri, Umi Athiyah, Ira Puspitasari, Yunita Nita","October 24, 2019",https://e-journal.unair.ac.id/JISEBI/article/view/14794/8507,"Clustering of Drug Sampling Data to Determine Drug Distribution Patterns with K-Means Method : Study on Central Kalimantan Province, Indonesia"
[],[],[],N/A,N/A,N/A,Front and Back Matters,"October 28, 2019",https://e-journal.unair.ac.id/JISEBI/article/view/18882/10279,Front Matters
[],[],[],N/A,N/A,N/A,Front and Back Matters,"October 28, 2015",https://e-journal.unair.ac.id/JISEBI/article/view/18903/10280,Back Matters
